rank,symbol,score,ret_3m_%,ret_6m_%,ret_1y_%,ret_12m_ex1m_%,volatility_%,below_52w_high_%,close,flag
1,MWL,93.3,14.7,65.1,82.7,65.6,34.3,3.4,43.13,
2,ROLEXRINGS,91.0,38.3,63.8,51.3,34.7,46.7,0.0,196.36,
3,PAYTM,90.0,35.6,60.9,41.8,40.2,41.9,10.5,1656.0,
4,AEGISVOPAK,75.2,12.9,70.9,2.6,1.2,49.4,8.7,290.75,
5,KAJARIACER,74.3,1.9,23.8,1.6,4.5,26.6,2.9,1225.1,
6,PFOCUS,70.5,27.8,-13.7,70.9,65.3,51.9,15.6,301.55,
7,GUJTHEM,62.4,-1.1,46.2,-9.7,0.5,53.0,18.7,381.8,
8,BRIGADE,60.0,10.8,9.9,-15.3,5.9,41.2,27.1,569.55,
9,GOLDIAM,58.8,-13.7,37.7,6.3,16.5,57.0,19.1,310.8,
10,ZFCVINDIA,55.7,-7.3,-2.2,-0.9,11.6,27.7,16.6,2241.0,
11,TRIVENI,49.0,-16.5,-2.4,9.5,33.0,38.9,23.0,230.92,
12,GUJINJEC,46.2,-29.9,9.1,358.8,428.7,50.6,32.7,9.18,
13,SBIN,43.6,-8.3,-7.6,10.0,18.0,22.7,22.3,954.1,
14,VBL,41.0,-17.5,6.1,-4.1,-8.2,29.5,21.8,425.3,
15,KFINTECH,33.6,-5.5,-9.5,-22.0,-13.1,35.5,29.2,832.0,
16,HDFCAMC,32.4,-17.6,-3.3,-17.4,-10.2,33.5,20.5,2308.1,
17,MINOLTAF,30.0,-17.1,-13.7,-11.3,2.1,42.8,26.7,1.26,unverified
18,HDFCBANK,26.0,-10.0,-6.5,-25.3,-26.8,23.8,28.6,721.2,
19,TEAMLEASE,24.8,-17.0,-1.3,-33.1,-29.1,21.9,34.4,1179.4,
20,INFY,21.4,-1.2,-20.8,-28.5,-21.9,34.4,38.8,1035.0,
21,JIOFIN,21.0,-11.2,-9.7,-29.6,-21.3,28.3,32.5,212.5,
