date,symbol,side,price,shares,value,basis,gain,holding_days,rank
2025-01-01,PGEL,BUY,824.79509,30.225478476569993,25004.8407626636,,,,1
2025-01-01,KAYNES,BUY,6065.88392,4.109842286658134,25004.8407626636,,,,2
2025-01-01,KFINTECH,BUY,1545.15,16.134243432919526,25004.8407626636,,,,3
2025-01-01,ANANTRAJ,BUY,856.15,29.118526239999543,25004.8407626636,,,,4
2025-01-01,PAYTM,BUY,987.6,25.242837424438648,25004.8407626636,,,,5
2025-01-01,ZENTEC,BUY,2480.2,10.051538682515769,25004.8407626636,,,,6
2025-01-01,CHOICEIN,BUY,554.8,44.934798558715954,25004.8407626636,,,,7
2025-01-01,LLOYDSME,BUY,1263.0,19.738579762767703,25004.8407626636,,,,8
2025-01-01,INDHOTEL,BUY,873.6,28.536889011418964,25004.8407626636,,,,9
2025-01-01,POLICYBZR,BUY,2119.2,11.763791166655158,25004.8407626636,,,,10
2025-01-01,BSE,BUY,1808.4858,13.784916774229364,25004.8407626636,,,,11
2025-01-01,MOTILALOFS,BUY,970.45,25.68893424738586,25004.8407626636,,,,12
2025-01-01,FSL,BUY,383.95,64.9298769120344,25004.8407626636,,,,13
2025-01-01,WOCKPHARMA,BUY,1455.7,17.12566204600921,25004.8407626636,,,,14
2025-01-01,DIXON,BUY,17994.2,1.385436765200765,25004.8407626636,,,,15
2025-01-01,CARTRADE,BUY,1514.45,16.461306903744337,25004.8407626636,,,,16
2025-01-01,ASTERDM,BUY,520.75,47.87292604968912,25004.8407626636,,,,17
2025-01-01,AMBER,BUY,7671.7,3.2495830442243063,25004.8407626636,,,,18
2025-01-01,RADICO,BUY,2582.1,9.654864738149417,25004.8407626636,,,,19
2025-01-01,NEWGEN,BUY,1699.7,14.66719199880897,25004.8407626636,,,,20
2025-02-03,KAYNES,SELL,3674.91544,4.109842286658134,15058.012906579268,25004.61571909673,-9946.602812517463,33.0,158
2025-02-03,KFINTECH,SELL,1060.2,16.134243432919526,17054.208312918538,25004.615719096728,-7950.40740617819,33.0,48
2025-02-03,ANANTRAJ,SELL,590.2,29.118526239999543,17134.19692428719,25004.61571909673,-7870.418794809542,33.0,179
2025-02-03,ZENTEC,SELL,1639.85,10.051538682515769,16433.566661397912,25004.61571909673,-8571.04905769882,33.0,133
2025-02-03,MOTILALOFS,SELL,625.65,25.68893424738586,16024.064866741332,25004.61571909673,-8980.5508523554,33.0,231
2025-02-03,FSL,SELL,331.4,64.9298769120344,21453.207925022256,25004.61571909673,-3551.4077940744755,33.0,43
2025-02-03,RADICO,SELL,2341.45,9.654864738149417,22538.56389201653,25004.61571909673,-2466.051827080202,33.0,68
2025-02-03,NEWGEN,SELL,1077.55,14.66719199880897,15757.218840101656,25004.61571909673,-9247.396878995076,33.0,213
2025-02-03,BLUEJET,BUY,766.3,23.004809018673775,17681.63004113311,,,,3
2025-02-03,MUTHOOTFIN,BUY,2172.45,8.114610302197848,17681.63004113311,,,,6
2025-02-03,LAURUSLABS,BUY,586.35,30.064952930859917,17681.63004113311,,,,7
2025-02-03,SARDAEN,BUY,446.05,39.5215450084289,17681.63004113311,,,,8
2025-02-03,PERSISTENT,BUY,6076.75,2.9009890403603427,17681.63004113311,,,,10
2025-02-03,KIMS,BUY,617.05,28.569135647045968,17681.63004113311,,,,12
2025-02-03,COROMANDEL,BUY,1811.7,9.730410747369715,17681.63004113311,,,,14
2025-02-03,JUBLFOOD,BUY,729.4,24.16861139431,17681.63004113311,,,,15
2025-03-03,PAYTM,SELL,726.45,25.242837424438648,18282.64626924251,25004.61571909673,-6721.969449854223,61.0,73
2025-03-03,POLICYBZR,SELL,1451.85,11.763791166655158,17028.022424692368,25004.61571909673,-7976.593294404363,61.0,147
2025-03-03,WOCKPHARMA,SELL,1200.1,17.12566204600921,20490.849500351404,25004.61571909673,-4513.766218745328,61.0,66
2025-03-03,DIXON,SELL,14051.75,1.385436765200765,19409.40763221362,25004.61571909673,-5595.208086883111,61.0,45
2025-03-03,ASTERDM,SELL,394.0,47.87292604968912,18805.34706498678,25004.61571909673,-6199.26865410995,61.0,84
2025-03-03,KIMS,SELL,518.6,28.569135647045968,14771.505885318365,17681.47090646274,-2909.965021144373,28.0,51
2025-03-03,UPL,BUY,616.7,29.312311615716602,18131.296462800834,,,,7
2025-03-03,CHAMBLFERT,BUY,545.35,33.14734129167036,18131.296462800834,,,,8
2025-03-03,BAJFINANCE,BUY,4313.925,4.19036088328203,18131.296462800834,,,,9
2025-03-03,BAJAJHLDNG,BUY,11346.75,1.5931348248099615,18131.296462800834,,,,10
2025-03-03,FSL,BUY,352.1,51.34025155754737,18131.296462800834,,,,11
2025-03-03,BLUESTARCO,BUY,2032.5,8.893925005368969,18131.296462800834,,,,12
2025-04-01,PGEL,SELL,726.41912,30.225478476569993,21890.49638009933,25004.61571909673,-3114.1193389974032,90.0,43
2025-04-01,CHOICEIN,SELL,508.65,44.934798558715954,22787.5170310302,25004.61571909673,-2217.098688066533,90.0,54
2025-04-01,INDHOTEL,SELL,805.75,28.536889011418964,22924.61752598798,25004.61571909673,-2079.998193108753,90.0,73
2025-04-01,PERSISTENT,SELL,5211.55,2.9009890403603427,15073.293484990074,17681.47090646274,-2608.1774214726647,57.0,99
2025-04-01,JUBLFOOD,SELL,660.85,24.16861139431,15923.911359409974,17681.47090646274,-1757.5595470527642,57.0,66
2025-04-01,FSL,SELL,334.2,51.34025155754737,17106.438334320734,18131.133281132665,-1024.694946811931,29.0,61
2025-04-01,BLUESTARCO,SELL,2085.35,8.893925005368969,18491.30567041634,18131.133281132665,360.1723892836744,29.0,41
2025-04-01,MAZDOCK,BUY,2578.55,7.412526256278908,19171.082826607802,,,,3
2025-04-01,AAVAS,BUY,2086.05,9.162565412203916,19171.082826607802,,,,6
2025-04-01,SBICARD,BUY,862.1,22.170942556696414,19171.082826607802,,,,12
2025-04-01,GABRIEL,BUY,592.3,32.27008201608641,19171.082826607802,,,,13
2025-04-01,NAVINFLUOR,BUY,4198.25,4.552746877419873,19171.082826607802,,,,15
2025-04-01,WELCORP,BUY,848.2,22.534272079849067,19171.082826607802,,,,16
2025-04-01,DOMS,BUY,2742.15,6.970285935535247,19171.082826607802,,,,17
2025-05-02,LLOYDSME,SELL,1193.5,19.738579762767703,23487.320962022666,25004.61571909673,-1517.2947570740653,121.0,88
2025-05-02,AMBER,SELL,6188.5,3.2495830442243063,20049.714535174575,25004.61571909673,-4954.901183922157,121.0,134
2025-05-02,BLUEJET,SELL,723.25,23.004809018673775,16588.31343838754,17681.47090646274,-1093.1574680751983,88.0,69
2025-05-02,MUTHOOTFIN,SELL,2175.4,8.114610302197848,17599.565681646996,17681.47090646274,-81.90522481574226,88.0,84
2025-05-02,LAURUSLABS,SELL,620.55,30.064952930859917,18600.836121621385,17681.47090646274,919.3652151586466,88.0,60
2025-05-02,SARDAEN,SELL,442.2,39.5215450084289,17423.997921119077,17681.47090646274,-257.472985343662,88.0,115
2025-05-02,WELCORP,SELL,764.2,22.534272079849067,17169.0286512504,19170.91028686236,-2001.8816356119605,31.0,71
2025-05-02,DOMS,SELL,2767.4,6.970285935535247,19231.70059010624,19170.91028686236,60.79030324388077,31.0,68
2025-05-02,BHARTIHEXA,BUY,1701.9,10.995066283831665,18768.80973766611,,,,5
2025-05-02,PARADEEP,BUY,145.41,128.68787090608015,18768.80973766611,,,,6
2025-05-02,GODFRYPHLP,BUY,2795.55375,6.693666079020342,18768.80973766611,,,,7
2025-05-02,NH,BUY,1759.8,10.633312483494212,18768.80973766611,,,,8
2025-05-02,CHOICEIN,BUY,615.95,30.379906337288922,18768.80973766611,,,,9
2025-05-02,SOLARINDS,BUY,13049.0,1.4340181859493535,18768.80973766611,,,,10
2025-05-02,INDIGO,BUY,5344.5,3.501263599673143,18768.80973766611,,,,11
2025-05-02,KOTAKBANK,BUY,437.03999999999996,42.81645457727694,18768.80973766611,,,,12
2025-06-02,CARTRADE,SELL,1511.4,16.461306903744337,24804.980396556235,25004.615719096735,-199.63532254050006,152.0,132
2025-06-02,UPL,SELL,636.35,29.312311615716602,18596.930828171277,18131.133281132665,465.7975470386118,91.0,118
2025-06-02,CHAMBLFERT,SELL,555.45,33.14734129167036,18356.455648296924,18131.133281132665,225.32236716425905,91.0,186
2025-06-02,BAJFINANCE,SELL,4559.25,4.19036088328203,19047.588148532286,18131.133281132665,916.4548673996214,91.0,70
2025-06-02,BAJAJHLDNG,SELL,13418.0,1.5931348248099615,21312.55303006216,18131.133281132665,3181.4197489294966,91.0,52
2025-06-02,AAVAS,SELL,1802.3,9.162565412203916,16464.15056748787,19170.910286862363,-2706.7597193744914,62.0,143
2025-06-02,SBICARD,SELL,923.65,22.170942556696414,20416.756519215163,19170.91028686236,1245.8462323528038,62.0,69
2025-06-02,NAVINFLUOR,SELL,4395.4,4.552746877419873,19951.110194136272,19170.91028686236,780.1999072739127,62.0,74
2025-06-02,INDIGO,SELL,5333.0,3.501263599673143,18616.2220607257,18768.64081837847,-152.41875765276927,31.0,54
2025-06-02,KOTAKBANK,SELL,412.72,42.81645457727694,17618.19351173434,18768.64081837847,-1150.4473066441315,31.0,94
2025-06-02,AIIL,BUY,477.5,40.753798132398636,19518.494090491826,,,,3
2025-06-02,RPOWER,BUY,61.97,314.0219236440269,19518.494090491826,,,,4
2025-06-02,POWERINDIA,BUY,19221.0,1.012431122637758,19518.494090491826,,,,7
2025-06-02,MFSL,BUY,1522.3,12.78324811681032,19518.494090491826,,,,9
2025-06-02,GRSE,BUY,2966.0,6.561004250917177,19518.494090491826,,,,10
2025-06-02,GALLANTT,BUY,460.55,42.25369364503387,19518.494090491826,,,,14
2025-06-02,LLOYDSME,BUY,1353.5,14.377494354060103,19518.494090491826,,,,15
2025-06-02,CEATLTD,BUY,3740.6,5.202357538421737,19518.494090491826,,,,16
2025-06-02,ANURAS,BUY,1005.0,19.36312299325408,19518.494090491826,,,,17
2025-06-02,FORCEMOT,BUY,11633.0,1.672822024260324,19518.494090491826,,,,19
2025-07-01,MAZDOCK,SELL,3275.0,7.412526256278908,24203.19541884548,19170.91028686236,5032.285131983121,91.0,50
2025-07-01,CEATLTD,SELL,3655.5,5.202357538421737,18960.166327755556,19518.318424045006,-558.1520962894501,29.0,55
2025-07-01,MCX,BUY,1812.1000000000001,11.874033348424833,21581.680873300545,,,,3
2025-07-01,DEEPAKFERT,BUY,1743.5,12.341230760355975,21581.680873300545,,,,5
2025-08-01,BSE,SELL,2411.3,13.784916774229364,33139.85110824617,25004.61571909673,8135.235389149439,212.0,82
2025-08-01,BHARTIHEXA,SELL,1844.6,10.995066283831665,20220.654769354423,18768.64081837847,1452.0139509759538,91.0,62
2025-08-01,NH,SELL,1945.5,10.633312483494212,20625.048108328072,18768.64081837847,1856.4072899496023,91.0,77
2025-08-01,SOLARINDS,SELL,13807.0,1.4340181859493535,19740.090626122517,18768.64081837847,971.4498077440476,91.0,86
2025-08-01,RPOWER,SELL,50.09,314.0219236440269,15682.170080863321,19518.318424045006,-3836.148343181685,60.0,88
2025-08-01,GRSE,SELL,2580.7,6.561004250917177,16881.18771933093,19518.318424045006,-2637.1307047140763,60.0,81
2025-08-01,LLOYDSME,SELL,1445.6,14.377494354060103,20721.753520714596,19518.318424045006,1203.4350966695893,60.0,48
2025-08-01,MCX,SELL,1519.1000000000001,11.874033348424833,17983.730527413387,21581.486638172682,-3597.7561107592956,31.0,49
2025-08-01,EIDPARRY,BUY,1204.6,17.069930163642734,20624.310807546677,,,,5
2025-08-01,LAURUSLABS,BUY,849.35,24.209616618736725,20624.310807546677,,,,7
2025-08-01,JKCEMENT,BUY,6681.5,3.077518203266338,20624.310807546677,,,,8
2025-08-01,PAYTM,BUY,1076.4,19.10297089848015,20624.310807546677,,,,10
2025-08-01,ABDL,BUY,510.75,40.25930078340487,20624.310807546677,,,,12
2025-08-01,FORTIS,BUY,859.25,23.930681262873478,20624.310807546677,,,,13
2025-08-01,HDFCAMC,BUY,2807.5,7.324109661664839,20624.310807546677,,,,15
2025-08-01,GLENMARK,BUY,2067.8,9.944113490242787,20624.310807546677,,,,17
2025-09-01,COROMANDEL,SELL,2339.4,9.730410747369715,22695.032933689523,17681.47090646274,5013.562027226784,210.0,85
2025-09-01,POWERINDIA,SELL,18942.0,1.012431122637758,19119.937914029397,19518.318424045003,-398.380510015606,91.0,58
2025-09-01,GALLANTT,SELL,589.1,42.25369364503387,24816.975973510587,19518.318424045006,5298.657549465581,91.0,51
2025-09-01,DEEPAKFERT,SELL,1406.4,12.341230760355975,17304.636820540552,21581.486638172682,-4276.84981763213,62.0,114
2025-09-01,SYRMA,BUY,756.3,27.662559133559682,20984.145910442516,,,,3
2025-09-01,NAVA,BUY,711.4,29.408481125542856,20984.145910442516,,,,11
2025-09-01,JMFINANCIL,BUY,185.07,113.04475859248494,20984.145910442516,,,,12
2025-09-01,BOSCHLTD,BUY,40785.0,0.5129629391372119,20984.145910442516,,,,13
2025-10-01,MFSL,SELL,1621.9,12.78324811681032,20670.950670292696,19518.318424045006,1152.6322462476892,121.0,48
2025-10-01,ANURAS,SELL,1065.3,19.36312299325408,20565.65231993943,19518.318424045006,1047.3338958944223,121.0,57
2025-10-01,FORCEMOT,SELL,16854.0,1.672822024260324,28109.16116969285,19518.318424045006,8590.842745647842,121.0,49
2025-10-01,EIDPARRY,SELL,1035.0,17.069930163642734,17614.375586212118,20624.125188749407,-3009.7496025372893,61.0,109
2025-10-01,JKCEMENT,SELL,6305.0,3.077518203266338,19345.54101477948,20624.125188749407,-1278.584173969928,61.0,65
2025-10-01,GLENMARK,SELL,1959.2,9.944113490242787,19424.059628633415,20624.125188749407,-1200.0655601159924,61.0,58
2025-10-01,NAVA,SELL,646.25,29.408481125542856,18948.215234599927,20983.957053129318,-2035.74181852939,30.0,62
2025-10-01,JMFINANCIL,SELL,163.2,113.04475859248494,18393.55788848666,20983.957053129318,-2590.3991646426584,30.0,83
2025-10-01,TVSMOTOR,BUY,3457.8,5.8773750279114845,20383.93918907957,,,,2
2025-10-01,ANANDRATHI,BUY,1443.55,14.078339767595395,20383.93918907957,,,,4
2025-10-01,LTF,BUY,258.58,78.59380992927656,20383.93918907957,,,,5
2025-10-01,EICHERMOT,BUY,7021.5,2.8943655018888172,20383.93918907957,,,,6
2025-10-01,INDIANB,BUY,737.05,27.57314615224521,20383.93918907957,,,,7
2025-10-01,GMDCLTD,BUY,620.6,32.74699866502148,20383.93918907957,,,,8
2025-10-01,MARUTI,BUY,15965.0,1.2729588081122662,20383.93918907957,,,,9
2025-10-01,RBLBANK,BUY,275.2,73.84733783253027,20383.93918907957,,,,10
2025-11-03,PARADEEP,SELL,167.61,128.68787090608015,21504.66592044039,18768.64081837847,2736.0251020619216,185.0,260
2025-11-03,GODFRYPHLP,SELL,3108.4,6.693666079020342,20744.171865106753,18768.64081837847,1975.5310467282834,185.0,171
2025-11-03,AIIL,SELL,568.04,40.753798132398636,23080.338128654337,19518.318424045006,3562.019704609331,154.0,66
2025-11-03,HDFCAMC,SELL,2702.25,7.324109661664839,19732.200607234114,20624.125188749407,-891.9245815152935,94.0,136
2025-11-03,BOSCHLTD,SELL,37025.0,0.5129629391372119,18935.475463090606,20983.957053129318,-2048.481590038711,63.0,169
2025-11-03,ABCAPITAL,BUY,334.25,62.040306015600684,20799.370396905244,,,,4
2025-11-03,GPIL,BUY,281.85,73.57449808662241,20799.370396905244,,,,10
2025-11-03,ECLERX,BUY,2366.5,8.762718058615901,20799.370396905244,,,,12
2025-11-03,CARTRADE,BUY,3018.5,6.8699593459382235,20799.370396905244,,,,13
2025-11-03,NETWEB,BUY,3798.8,5.458821808390683,20799.370396905244,,,,14
2025-12-01,GABRIEL,SELL,1040.0,32.27008201608641,33460.20264083968,19170.91028686236,14289.292353977318,244.0,161
2025-12-01,CHOICEIN,SELL,794.9,30.379906337288922,24076.540584868428,18768.64081837847,5307.899766489958,213.0,80
2025-12-01,FORTIS,SELL,904.85,23.930681262873478,21588.71590988893,20624.125188749407,964.5907211395242,122.0,104
2025-12-01,SYRMA,SELL,813.05,27.662559133559682,22423.570572430075,20983.957053129318,1439.6135193007576,91.0,51
2025-12-01,ANANDRATHI,SELL,1462.45,14.078339767595395,20527.101389140527,20383.755733626866,143.34565551366177,61.0,66
2025-12-01,GPIL,SELL,237.63,73.57449808662241,17431.05745638311,20799.18320257167,-3368.125746188558,28.0,130
2025-12-01,ECLERX,SELL,2344.9,8.762718058615901,20486.05448292148,20799.18320257167,-313.1287196501871,28.0,58
2025-12-01,NETWEB,SELL,3218.6,5.458821808390683,17517.054580868793,20799.18320257167,-3282.1286217028755,28.0,57
2025-12-01,MUTHOOTFIN,BUY,3811.1,5.804681283766139,22188.787202167634,,,,2
2025-12-01,AUBANK,BUY,950.5,23.274298622368367,22188.787202167634,,,,5
2025-12-01,MCX,BUY,2042.0,10.833604721136695,22188.787202167634,,,,7
2025-12-01,CANBK,BUY,150.5,146.99150060173508,22188.787202167634,,,,10
2025-12-01,M&MFIN,BUY,367.9,60.13107050981553,22188.787202167634,,,,11
2025-12-01,CUB,BUY,212.21249999999998,104.24560683541796,22188.787202167634,,,,13
2025-12-01,PTCIL,BUY,18255.0,1.2118444722301358,22188.787202167634,,,,15
2025-12-01,CUMMINSIND,BUY,4544.2,4.868232217015345,22188.787202167634,,,,16
2026-01-01,ABDL,SELL,601.15,40.25930078340487,24129.273029946,20624.125188749407,3505.1478411965945,153.0,46
2026-01-01,GMDCLTD,SELL,599.5,32.74699866502148,19572.930222581334,20383.755733626866,-810.825511045532,92.0,98
2026-01-01,CARTRADE,SELL,2829.5,6.8699593459382235,19380.234319424206,20799.18320257167,-1418.9488831474628,59.0,42
2026-01-01,SHRIRAMFIN,BUY,1019.7,20.559377025672802,21027.47919065051,,,,3
2026-01-01,ASHOKLEY,BUY,184.88,113.39461679510254,21027.47919065051,,,,5
2026-01-01,HINDCOPPER,BUY,522.65,40.11173204453947,21027.47919065051,,,,11
2026-02-02,LAURUSLABS,SELL,953.95,24.209616618736725,23025.47948212357,20624.125188749407,2401.354293374163,185.0,70
2026-02-02,PAYTM,SELL,1171.4,19.10297089848015,22310.08845014821,20624.125188749407,1685.9632613988033,185.0,153
2026-02-02,MARUTI,SELL,14384.0,1.2729588081122662,18255.30877739918,20383.755733626866,-2128.4469562276863,124.0,122
2026-02-02,RBLBANK,SELL,296.95,73.84733783253027,21863.180068461752,20383.755733626866,1479.4243348348864,124.0,84
2026-02-02,PTCIL,SELL,17980.0,1.2118444722301358,21723.59671986575,22188.58750308281,-464.9907832170611,63.0,53
2026-02-02,CUMMINSIND,SELL,4092.3,4.868232217015345,19862.49990158682,22188.58750308281,-2326.0876014959904,63.0,82
2026-02-02,JKTYRE,BUY,524.5,40.24754780406309,21173.35889993088,,,,3
2026-02-02,FEDERALBNK,BUY,281.3,75.04386357351969,21173.35889993088,,,,6
2026-02-02,UNIONBANK,BUY,171.13,123.35557075457892,21173.35889993088,,,,9
2026-02-02,NATIONALUM,BUY,369.7,57.0999156700868,21173.35889993088,,,,10
2026-02-02,PFOCUS,BUY,235.74,89.54712320026762,21173.35889993088,,,,12
2026-02-02,KARURVYSYA,BUY,295.75,71.37730793991915,21173.35889993088,,,,14
2026-03-02,LTF,SELL,275.8,78.59380992927656,21611.144260158995,20383.755733626866,1227.3885265321296,152.0,105
2026-03-02,ABCAPITAL,SELL,338.1,62.040306015600684,20912.89998148297,20799.18320257167,113.71677891130093,119.0,73
2026-03-02,MUTHOOTFIN,SELL,3471.9,5.804681283766139,20092.813130260332,22188.58750308281,-2095.7743728224777,91.0,143
2026-03-02,AUBANK,SELL,951.25,23.274298622368367,22073.257534834323,22188.58750308281,-115.3299682484867,91.0,60
2026-03-02,M&MFIN,SELL,366.0,60.13107050981553,21941.947891172706,22188.58750308281,-246.63961191010458,91.0,81
2026-03-02,CUB,SELL,208.01250000000002,104.24560683541796,21619.336123976824,22188.58750308281,-569.2513791059864,91.0,44
2026-03-02,HINDCOPPER,SELL,576.0,40.11173204453947,23035.04458468177,21027.28994333779,2007.7546413439813,60.0,41
2026-03-02,JKTYRE,SELL,477.75,40.24754780406309,19170.581165500964,21173.16833970078,-2002.5871741998162,28.0,48
2026-03-02,BANKINDIA,BUY,172.3,123.29197155981767,21307.12808400861,,,,3
2026-03-02,GVT&D,BUY,3772.4,5.631217977880549,21307.12808400861,,,,5
2026-03-02,BHARATFORG,BUY,1879.3,11.303786888605643,21307.12808400861,,,,7
2026-03-02,KIRLOSENG,BUY,1405.5,15.11434130185456,21307.12808400861,,,,8
2026-03-02,VEDL,BUY,255.48722,83.14782516227851,21307.12808400861,,,,10
2026-03-02,SBIN,BUY,1189.9,17.852934448068396,21307.12808400861,,,,12
2026-03-02,SAIL,BUY,165.59,128.2879805529113,21307.12808400861,,,,13
2026-03-02,APLAPOLLO,BUY,2222.3,9.55910844609485,21307.12808400861,,,,14
2026-04-01,TVSMOTOR,SELL,3425.8,5.8773750279114845,20074.307236507306,20383.755733626866,-309.44849711955976,182.0,75
2026-04-01,EICHERMOT,SELL,6825.5,2.8943655018888172,19696.225257942697,20383.755733626866,-687.5304756841688,182.0,111
2026-04-01,CANBK,SELL,127.3,146.99150060173508,18655.881972521074,22188.58750308281,-3532.705530561736,121.0,137
2026-04-01,SHRIRAMFIN,SELL,900.55,20.559377025672802,18459.20273952823,21027.28994333779,-2568.0872038095586,90.0,73
2026-04-01,ASHOKLEY,SELL,149.11,113.39461679510254,16857.54649638679,21027.28994333779,-4169.743446951001,90.0,102
2026-04-01,BANKINDIA,SELL,141.7,123.29197155981767,17418.060952916087,21306.936319855853,-3888.8753669397665,30.0,72
2026-04-01,SBIN,SELL,1017.8,17.852934448068396,18116.20453120028,21306.936319855853,-3190.731788655572,30.0,48
2026-04-01,APLAPOLLO,SELL,1934.8,9.55910844609485,18439.478132439803,21306.936319855857,-2867.458187416054,30.0,43
2026-04-01,POWERINDIA,BUY,25065.0,0.7344591890957708,18464.613414930285,,,,3
2026-04-01,GESHIP,BUY,1460.1,12.608190928488115,18464.613414930285,,,,5
2026-04-01,CCL,BUY,1082.3,17.00935006438649,18464.613414930285,,,,6
2026-04-01,APARINDS,BUY,9774.5,1.8833924573825256,18464.613414930285,,,,11
2026-04-01,VTL,BUY,529.8,34.74748881594092,18464.613414930285,,,,12
2026-04-01,CHENNPETRO,BUY,1017.85,18.086377732166326,18464.613414930285,,,,13
2026-04-01,DATAPATTNS,BUY,3107.6,5.923934732489863,18464.613414930285,,,,14
2026-04-01,EMCURE,BUY,1590.1,11.577397380470094,18464.613414930285,,,,15
2026-05-04,INDIANB,SELL,830.35,27.57314615224521,22826.675821794262,20383.755733626866,2442.920088167397,215.0,169
2026-05-04,FEDERALBNK,SELL,289.15,75.04386357351969,21633.836352826365,21173.16833970078,460.6680131255853,91.0,86
2026-05-04,UNIONBANK,SELL,163.77,123.35557075457892,20141.33599700996,21173.16833970078,-1031.832342690821,91.0,171
2026-05-04,NATIONALUM,SELL,407.8,57.0999156700868,23215.489573430616,21173.16833970078,2042.3212337298355,91.0,58
2026-05-04,KARURVYSYA,SELL,297.4,71.37730793991915,21163.92854718796,21173.16833970078,-9.239792512820713,91.0,114
2026-05-04,SCHNEIDER,BUY,1305.8,16.641801576561868,21796.253258449837,,,,2
2026-05-04,ADANIPOWER,BUY,227.3,95.6043312744148,21796.253258449837,,,,6
2026-05-04,BSE,BUY,3711.3,5.8553241448210835,21796.253258449837,,,,10
2026-05-04,CUMMINSIND,BUY,5289.0,4.108690583980807,21796.253258449837,,,,11
2026-05-04,GLENMARK,BUY,2393.7,9.078357563050712,21796.253258449837,,,,14
2026-06-01,PFOCUS,SELL,228.39,89.54712320026762,20390.312465305993,21173.16833970078,-782.855874394787,119.0,179
2026-06-01,BHARATFORG,SELL,1922.7,11.303786888605643,21668.589677569904,21306.936319855853,361.6533577140508,91.0,55
2026-06-01,GESHIP,SELL,1467.7,12.608190928488115,18449.52670026478,18464.44723340955,-14.920533144770161,61.0,93
2026-06-01,CCL,SELL,1064.8,17.00935006438649,18057.221280713056,18464.44723340955,-407.22595269649537,61.0,128
2026-06-01,VTL,SELL,599.6,34.74748881594092,20772.09051115606,18464.44723340955,2307.643277746509,61.0,84
2026-06-01,CHENNPETRO,SELL,1096.9,18.086377732166326,19779.430891210006,18464.44723340955,1314.9836578004542,61.0,74
2026-06-01,EMCURE,SELL,1705.2,11.577397380470094,19682.552679138073,18464.44723340955,1218.1054457285209,61.0,64
2026-06-01,GLENMARK,SELL,2201.2,9.078357563050712,19923.33082578386,21796.057092170508,-1872.7262663866459,28.0,69
2026-06-01,WELCORP,BUY,1377.6,14.358929103699216,19840.381878892716,,,,6
2026-06-01,ADANIENSOL,BUY,1496.5,13.21808268176147,19840.381878892716,,,,7
2026-06-01,ATHERENERG,BUY,937.4,21.101835644608535,19840.381878892716,,,,8
2026-06-01,HFCL,BUY,182.28,108.51909553026135,19840.381878892716,,,,9
2026-06-01,LAURUSLABS,BUY,1388.4,14.247234754577958,19840.381878892716,,,,10
2026-06-01,NETWEB,BUY,4620.1,4.281478914581077,19840.381878892716,,,,13
2026-06-01,THERMAX,BUY,4992.8,3.961877249891051,19840.381878892716,,,,14
2026-06-01,HINDALCO,BUY,1141.3,17.33186781149219,19840.381878892716,,,,15
2026-07-01,MCX,SELL,2962.0,10.833604721136695,31992.86977245487,22188.58750308281,9804.28226937206,212.0,109
2026-07-01,GVT&D,SELL,4895.7,5.631217977880549,27486.047592746876,21306.936319855853,6179.111272891023,121.0,43
2026-07-01,VEDL,SELL,275.55,83.14782516227851,22842.649073795445,21306.936319855853,1535.7127539395915,121.0,108
2026-07-01,SAIL,SELL,168.27,128.2879805529113,21522.257432175473,21306.936319855853,215.32111231961971,121.0,129
2026-07-01,BSE,SELL,3944.1,5.8553241448210835,23024.702007710068,21796.057092170508,1228.6449155395603,58.0,53
2026-07-01,CUMMINSIND,SELL,5663.0,4.108690583980807,23197.71223275206,21796.057092170508,1401.6551405815517,58.0,65
2026-07-01,NETWEB,SELL,4507.9,4.281478914581077,19242.577362642915,19840.203315455805,-597.6259528128903,30.0,41
2026-07-01,HINDALCO,SELL,939.7,17.33186781149219,16237.895913911836,19840.203315455805,-3602.307401543969,30.0,166
2026-07-01,ACUTAAS,BUY,3567.5,6.481782454590924,23193.338923523694,,,,3
2026-07-01,SYRMA,BUY,1421.6,16.266009360405967,23193.338923523694,,,,5
2026-07-01,HONASA,BUY,466.5,49.56861501983521,23193.338923523694,,,,8
2026-07-01,RRKABEL,BUY,2381.7,9.708930136773365,23193.338923523694,,,,9
2026-07-01,BHEL,BUY,413.95,55.86123663909439,23193.338923523694,,,,10
2026-07-01,ADANIGREEN,BUY,1535.0,15.064338050002034,23193.338923523694,,,,14
2026-07-01,ACMESOLAR,BUY,390.8,59.17031450039182,23193.338923523694,,,,15
2026-07-01,GLAND,BUY,2465.2,9.380074195502647,23193.338923523694,,,,16
2026-08-03,POWERINDIA,SELL,32000.0,0.7344591890957708,23432.185968911468,18464.44723340955,4967.738735501916,124.0,121
2026-08-03,APARINDS,SELL,14746.0,1.8833924573825256,27689.187661033033,18464.44723340955,9224.740427623481,124.0,47
2026-08-03,DATAPATTNS,SELL,4428.8,5.923934732489863,26157.21437682135,18464.44723340955,7692.767143411798,124.0,82
2026-08-03,SCHNEIDER,SELL,1346.1,16.641801576561868,22334.3245149033,21796.057092170508,538.2674227327916,91.0,64
2026-08-03,ADANIPOWER,SELL,213.65,95.6043312744148,20364.587780648384,21796.057092170508,-1431.4693115221235,91.0,118
2026-08-03,THERMAX,SELL,4122.2,3.961877249891051,16282.655448302387,19840.203315455805,-3557.5478671534183,63.0,110
2026-08-03,ACUTAAS,SELL,3116.4,6.481782454590924,20139.227360962694,23193.13018347338,-3053.902822510685,33.0,48
2026-08-03,ADANIGREEN,SELL,1395.0,15.064338050002034,20951.707325013576,23193.13018347338,-2241.4228584598022,33.0,61
2026-08-03,SONACOMS,BUY,785.0,28.15589763778446,22168.886304574524,,,,6
2026-08-03,RADICO,BUY,4459.1,4.956690732582987,22168.886304574524,,,,8
2026-08-03,SAILIFE,BUY,1333.4,16.575955936448775,22168.886304574524,,,,9
2026-08-03,NYKAA,BUY,344.9,64.08344344929198,22168.886304574524,,,,10
2026-08-03,BHARATFORG,BUY,2211.0,9.99655343539611,22168.886304574524,,,,11
2026-08-03,AEGISLOG,BUY,1388.3,15.920463621451272,22168.886304574524,,,,13
2026-08-03,FEDERALBNK,BUY,371.7,59.46295304186387,22168.886304574524,,,,14
2026-08-03,NEULANDLAB,BUY,19675.0,1.1233738066409555,22168.886304574524,,,,16
2026-09-01,KIRLOSENG,SELL,2138.3,15.11434130185456,32222.03901773834,21306.936319855853,10915.102697882488,183.0,81
2026-09-01,ADANIENSOL,SELL,1382.0,13.21808268176147,18212.588095395768,19840.203315455805,-1627.6152200600372,92.0,148
2026-09-01,BHARATFORG,SELL,2052.2,9.99655343539611,20453.38217923954,22168.68678459778,-1715.3046053582402,29.0,100
2026-09-01,APARINDS,BUY,17400.0,1.3539338173275193,23629.336430791212,,,,7
2026-09-01,WELSPUNLIV,BUY,198.41,118.73619485660419,23629.336430791212,,,,8
2026-09-01,DIVISLAB,BUY,9165.0,2.5704799150571565,23629.336430791212,,,,9
