symbol,code
ABB,500002
AEGISLOG,500003
ARE&M,500008
AMBALALSA,500009
ANDHRAPET,500012
ANSALAPI,500013
UTIQUE,500014
ARUNAHTEL,500016
BOMDYEING,500020
ASIANHOTNR,500023
ATUL,500027
ATVPR,500028
BAJAJELEC,500031
BAJAJHIND,500032
FORCEMOT,500033
BAJFINANCE,500034
BALRAMCHIN,500038
BANCOINDIA,500039
ABREL,500040
BANARISUG,500041
BASF,500042
BATAINDIA,500043
BEML,500048
BEL,500049
BHAGGAS,500051
BEPL,500052
BIHSPONG,500058
BILVYAPAR,500059
BIRLACABLE,500060
BLUESTARCO,500067
DISAQ,500068
QUESTCAP,500069
BPL,500074
OAL,500078
CENTEXT,500083
CESC,500084
CHAMBLFERT,500085
EXIDEIND,500086
CIPLA,500087
DICIND,500089
CRISIL,500092
CGPOWER,500093
DABUR,500096
DALMIASUG,500097
ARVIND,500101
BHEL,500103
HINDPETRO,500104
IFCI,500106
MTNL,500108
MRPL,500109
CHENNPETRO,500110
SBIN,500112
SAIL,500113
TITAN,500114
IDBI,500116
DCW,500117
DHAMPURSUG,500119
DIAMINESQ,500120
ELANTAS,500123
DRREDDY,500124
EIDPARRY,500125
PGHL,500126
ELECTCAST,500128
ESABINDIA,500133
EPL,500135
ESTER,500136
FGP,500142
PHCAP,500143
FINCABLES,500144
COCKERILL,500147
UFLEX,500148
FOSECOIND,500150
GOLDENTOBC,500151
GANESHBE,500153
GTL,500160
GODFRYPHLP,500163
GODREJIND,500164
KANSAINER,500165
GOODRICKE,500166
GOODYEAR,500168
GTNINDS,500170
GHCL,500171
GFLLIMITED,500173
HARCR,500178
HCL-INSYS,500179
HDFCBANK,500180
HEROMOTOCO,500182
HFCL,500183
HSCL,500184
HCC,500185
HINDOILEXP,500186
AGI,500187
HINDZINC,500188
NDLVENTURE,500189
HMT,500191
PRAGBOS,500192
HLVLTD,500193
IGPL,500199
INDIAGLYCO,500201
INDLEASE,500202
MARGOFIN,500206
INDORAMA,500207
INFY,500209
INGERRAND,500210
ITHL,500213
IONEXCHANG,500214
SUNDROP,500215
JISLJALEQS,500219
JASCH,500220
JINDALPOLY,500227
JSWSTEEL,500228
KAJARIACER,500233
KAKATCEM,500234
KSL,500235
KANELIND,500236
WHIRLPOOL,500238
KGDENIM,500239
KINETICENG,500240
KIRLOSBROS,500241
KIRLOSIND,500243
KIRLFER,500245
ENVAIREL,500246
KOTAKBANK,500247
KRIFILIND,500248
KSB,500249
LGBBROSLTD,500250
TRENT,500251
LMW,500252
LICHSGFIN,500253
LUPIN,500257
LYKALABS,500259
RAMCOCEM,500260
HYBRIDFIN,500262
MAFATIND,500264
MAHSEAMLES,500265
MAHSCOOTER,500266
MAJESAUT,500267
MANALIPETC,500268
BARODARY,500270
MFSL,500271
MIDINDIA,500277
ONIDA,500279
CENTENKA,500280
MODTHREAD,500282
LORDSCHLO,500284
SPICEJET,500285
MOREPENLAB,500288
MRF,500290
HEIDELBERG,500292
NCC,500294
VEDL,500295
NAHARSPING,500296
NAPEROL,500298
GRASIM,500300
NIITLTD,500304
JAYKAY,500306
NIRLON,500307
ONGC,500312
OILCOUNTUB,500313
ORIENTHOT,500314
OSWALAGRO,500317
INDSUCR,500319
PANCM,500322
RELIANCE,500325
PILITA,500327
RAYMOND,500330
PIDILITIND,500331
PIXTRANS,500333
BIRLACORPN,500335
SURYAROSNI,500336
PRIMESECU,500337
PRSMJOHNSN,500338
RAIN,500339
PRUDMOULI,500342
AMJLAND,500343
PUNJCOMMU,500346
RSWM,500350
RAJSREESUG,500354
RALLIS,500355
RAMANEWS,500356
RAMAPPR-B,500357
RAPICUT,500360
WELSPLSOL,500365
RUBFILA,500367
PATANJALI,500368
SALORAINTL,500370
SAMTELIN,500371
JINDALSAW,500378
JKLAKSHMI,500380
SHREECEM,500387
SKPMIL,500388
RELINFRA,500390
STEELCO,500399
TATAPOWER,500400
SPMLINFRA,500402
SUNDRMFAST,500403
SUNFLAG,500404
SPLPETRO,500405
SWARAJENG,500407
TATAELXSI,500408
ACC,500410
THERMAX,500411
TIRUMALCHM,500412
THOMASCOOK,500413
TIMEX,500414
TOKYOPLAST,500418
TORNTPHARM,500420
TPINDIA,500421
TRANSCHEM,500422
AMBUJACEM,500425
UTLINDS,500426
UNIENTER,500429
VHL,500439
HINDALCO,500440
WSTCSTPAPR,500444
HOCL,500449
PASUPTAC,500456
TEAM24,500458
PGHH,500459
MUKANDLTD,500460
BBOX,500463
UCAL,500464
HARRMALAYA,500467
FEDERALBNK,500469
TATASTEEL,500470
SKFINDIA,500472
ASHOKLEY,500477
CUMMINSIND,500480
TATACOMM,500483
ABBOTINDIA,500488
BAJAJHLDNG,500490
BHARATFORG,500493
ESCORTS,500495
HINDMOTORS,500500
LT,500510
M&M,500520
BOSCHLTD,500530
PREMIER,500540
BPCL,500547
SIEMENS,500550
TMPV,500570
VOLTAS,500575
GESHIP,500620
DEEPAKFERT,500645
EXCELINDUS,500650
GRWRHITECH,500655
GLAXO,500660
GNFC,500670
NOVARTIND,500672
SANOFI,500674
PFIZER,500680
GSFC,500690
HINDUNILVR,500696
JSWDULUX,500710
NOCIL,500730
TATACHEM,500770
TNPETRO,500777
ZUARIIND,500780
NESTLEIND,500790
TATACONSUM,500800
ASIANPAINT,500820
BRITANNIA,500825
COLPAL,500830
EIHOTEL,500840
INDHOTEL,500850
CASTROLIND,500870
ITC,500875
APOLLOTYRE,500877
CEATLTD,500878
MODIRUBBER,500890
FINPIPE,500940
DSINVEST,501148
CENTRUM,501150
KARTKIN,501151
TCIFINANCE,501242
LORDSMARK,501261
IITL,501295
INDPRUD,501298
TATAINVEST,501301
PRISMX,501314
MOTOGENFIN,501343
RAPIDIN,501351
WALCHPF,501370
WHBRADY,501391
TECHNVISN,501421
SHAILY,501423
BBTC,501425
BOMBCYC,501430
GREAVESCOT,501455
INDIANVSH,501700
COASTCORP,501831
CHOWGULSTM,501833
GARWAOFFS,501848
DHENUBUILD,501945
ASIIL,502015
SAGCEM,502090
DECCANCE,502137
MANGLMCEM,502157
NCLIND,502168
SAURASHCEM,502175
SHREDIGCEM,502180
BORORENEW,502219
LERTHAI,502250
TRIVENIGQ,502281
NILACHAL,502294
ANDHRAPAP,502330
BALKRISIND,502355
ORIENTPPR,502420
CITADEL,502445
ROLLT,502448
SESHAPAPER,502450
NATHIND,502587
VAPIENTER,502589
FORBESCO,502865
HPCOTTON,502873
UNITEDINT,502893
JAMSHRI,502901
KATRSPG,502933
KESORAMIND,502937
VTL,502986
PENINLAND,503031
PHOENIXLTD,503100
MARATHON,503101
RAJABAH,503127
RELCHEMQ,503162
RUBYMILLS,503169
SIMPLXREA,503229
SWANCORP,503310
VICTMILL,503349
ZSVARAJT,503624
SALSAIN,503635
APOLLOIN,503639
ZODIACVEN,503641
VEERENRGY,503657
SW1,503659
TILAK,503663
WAGEND,503675
ELCIDIN,503681
BANSWRAS,503722
SHRIDINE,503804
SRF,503806
SIYSIL,503811
SWADPOL,503816
SHRAJSYNQ,503837
BBL,503960
ELPROINTL,504000
GEE,504028
HIRECT,504036
NIPPOBATRY,504058
ZENSARTECH,504067
JYOTI,504076
JSLINDL,504080
KAYCEEI,504084
INDOKEM,504092
PANAENERG,504093
NELCO,504112
PERMAGN,504132
HIGHENE,504176
STDBAT,504180
UNIVCABLES,504212
WSI,504220
DLTNCBL,504240
LAKSELEC,504258
MODULEX,504273
DELTAMAGNT,504286
LONGSPUR,504340
RELTD,504341
EMPOWER,504351
ZMULTIPU,504356
GRANDMA,504369
NYSSACORP,504378
FLOMIC,504380
KRISHNA,504392
GANHOLD,504397
UNIABEXAL,504605
SARDAEN,504614
BGWTATO,504646
BOMBWIR,504648
AZADIND,504731
INDIANHUME,504741
INLCM,504746
INVPRECQ,504786
KAIRA,504840
ORIENTCER,504879
NATIONSTD,504882
RATHIST,504903
DUNCANENG,504908
SANDUMA,504918
STOVACQ,504959
CHOLAHLDNG,504973
AUTOAXLES,505010
ATLASCYCLE,505029
ACGL,505036
SETCO,505075
TALBROAUTO,505160
ZFSTEERING,505163
SMLMAH,505192
TIL,505196
EICHERMOT,505200
JAINEX,505212
ALFREDHE,505216
VELJAN,505232
DYNAMATECH,505242
GMMPFAUDLR,505255
KIRLPNU,505283
KPT,505299
LAKSHMIEW,505302
MANUGRAPH,505324
HARSHILAGR,505336
MONOT,505343
NESCO,505355
INTEGRAEN,505358
SEMAC,505368
TEXINFRA,505400
WENDT,505412
PSITINFRA,505502
GHVINFRA,505504
RESPONIND,505509
SHYMINV,505515
MAHACORP,505523
DOLATALGO,505526
WESTLIFE,505533
ZEEL,505537
SVPGLOB,505590
SKYLMILAR,505650
BIMETAL,505681
TAPARIA,505685
BHARATGEAR,505688
BRADYM,505690
LATIMMETAL,505693
ELECON,505700
GRAUWEIL,505710
HIMTEK,505712
GABRIEL,505714
HERCULES,505720
ALGOQUANT,505725
IFBIND,505726
SINGERIND,505729
INTLCOMBQ,505737
FMGOETZE,505744
JOSTS,505750
SCHAEFFLER,505790
MPCOSEMB,505797
RANEHOLDIN,505800
SNL,505827
JAIPAN,505840
MANCREDIT,505850
TRF,505854
WPIL,505872
KENNAMET,505890
HINDHARD,505893
TRITONV,505978
SUDAI,506003
PRAKASH,506022
ARSHIYA,506074
GRINDWELL,506076
LAKPRE,506079
STANROS,506105
GENESYS,506109
VOLKAI,506122
PARNAXLAB,506128
GOURMET,506134
VIVIDHA,506146
APIS,506166
EMERGENT,506180
KANANIIND,506184
GSLTD,506186
ARIHANTSUP,506194
BLISSGVS,506197
STYRENIX,506222
ALEMBICLTD,506235
AMNPLST,506248
ANUHPHR,506260
MODISONLTD,506261
BAYERCROP,506285
STARSOURCE,506365
COROMANDEL,506395
DEEPAKNTR,506401
DMCC,506405
FERMENTA,506414
GOCLCORP,506480
JAYCH,506520
KANORICHEM,506525
KELENRG,506528
KEMP,506530
NITTAGELA,506532
MPAGI,506543
AGVENTURES,506579
PCBL,506590
AMAL,506597
POLYCHEM,506605
PUNJABCHEM,506618
ZR2,506640
SADHNANIQ,506642
SUDARSCHEM,506655
TECILCHEM,506680
ULTRAMAR,506685
TRANSPEK,506687
UNICHEMLAB,506690
MYSORPETRO,506734
ALKYLAMINE,506767
TUTIALKA,506808
ASTRAZEN,506820
PRIMO,506852
TANFACIND,506854
GUJPETR,506858
SWADEIN,506863
GUJTHEM,506879
CONTCHM,506935
ADVPETR-B,506947
APTPACK,506979
BLUECHIPT,506981
JAGAJITIND,507155
KESARENT,507180
TI,507205
EMERALL,507265
RAVALSUGAR,507300
SAKHTISUG,507315
WALCHANNAG,507410
IFBAGRO,507438
KFBL,507474
CAPRO,507486
GMBREW,507488
RANASUG,507490
PICCASUG,507498
SDBL,507514
CJGEL,507515
ASALCBR,507526
FOODSIN,507552
IVP,507580
KLRFM,507598
OLYOI,507609
MLKFOOD,507621
WIPRO,507685
ORIBEVER,507690
DHANUKA,507717
TTKHLTCARE,507747
TGVSL,507753
LIMECHM,507759
KANPRPLA,507779
TAINWALCHM,507785
JAGSNPHARM,507789
KHAICHEM,507794
NOL,507813
GILLETTE,507815
ANSALHSG,507828
COMPUPN,507833
MCCHRLS-B,507836
ADDIND,507852
ASHNOOR,507872
UNITECH,507878
VIPIND,507880
FIBERWEB,507910
GYFTR,507912
BAJAJST,507944
KIDUJA,507946
KEYCORP,507948
GUJHOTE,507960
FYNX,507962
RASRESOR,507966
JOLYPLS,507968
PARMCOS-B,507970
JINDHOT,507981
SIMMOND,507998
HAWKINCOOK,508486
WARRENTEA,508494
COCHMAL,508571
BESTEAST,508664
NEAGI,508670
ISTLTD,508807
COSMOFIRST,508814
APOLLOHOSP,508869
NITINCAST,508875
NEXOME,508905
EVERESTIND,508906
IRONWOOD,508918
AYMSYNTEX,508933
PANCARBON,508941
FINKURVE,508954
HBLEAS,508956
SHRICON,508961
TRUSTWAVE,508963
SULABEN,508969
FRONTCAP,508980
NAVNETEDUL,508989
AUSOMENT,509009
THAKRAL,509015
RUCHINFRA,509020
GOLDLEG,509024
VJTFEDU,509026
VOLLF,509038
NETLINK,509040
TRILIANCE,509046
LANCORHOL,509048
INDINFO,509051
BANASFN,509053
VISAKAIND,509055
INFOMEDIA,509069
HATHWAYB,509073
GUFICBIO,509079
GRPLTD,509152
INDAG,509162
MMRUBBR-B,509196
PTL,509220
TVSSRICHAK,509243
SEL,509423
BENARAS,509438
BHAGWOX,509449
BOMOXY-B1,509470
CRAVATEX,509472
BERGEPAINT,509480
CAPRIHANS,509486
GRAPHITE,509488
CEMPRO,509496
EMPIND,509525
GRAVISSHO,509546
GARFIBRES,509557
GARWAMAR,509563
GOACARBON,509567
HARDCAS,509597
HEG,509631
HINDCOMPOS,509635
BIRLANU,509675
INDIANCARD,509692
INTLCONV,509709
JAYSREETEA,509715
KOTIC,509732
MODRNSH,509760
MAPROIN,509762
HUHTAMAKI,509820
SHALPAINTS,509874
HINDMILL,509895
SUPREMEIND,509930
TRADWIN,509953
VSTIND,509966
SWASTIVI,510245
MSLGLOBAL,511000
YAMNINV,511012
PREMCAP,511016
ZMILGFIN,511018
JINDRILL,511034
SAKTHIFIN,511066
AEROENTER,511076
JMDVL,511092
SHIVATEX,511108
VBDESAI,511110
QUADRANT,511116
1STCUS,511122
KAMANWALA,511131
AXISOL,511144
WSFX,511147
ANJANIFOODS,511153
RKDAGRRTL,511169
PARSHWANA,511176
RAJVI,511185
MILLENNIUM,511187
ICDSLTD,511194
CANFINHOME,511196
IVC,511208
SHRIRAMFIN,511218
CHOLAFIN,511243
BOMTALKIES,511246
ICONIKSPEV,511260
VLSFINANCE,511333
INDCEMCAP,511355
ADMANUM,511359
MEHIF,511377
INTRGLB,511391
MCLTD,511401
SHRISTI,511411
CREST,511413
VAKRANGEE,511431
GUJCRED,511441
SYLPH,511447
DHARFIN,511451
ALEXANDER,511463
INDBANK,511473
SHRYDUS,511493
BHARAT,511501
CAPTRUST,511505
USHAKIRA,511507
VIVOBIOT,511509
VEERHEALTH,511523
PANINDIAC,511525
SAHARAHOUS,511533
NDASEC,511535
SUPRATRE,511539
GSBFIN,511543
MORARKFI,511549
MONARCH,511551
PROFINC,511557
TEAMGTY,511559
CRESCENTIS,511571
MANTRA,511577
AVONMORE,511589
LIBORDFIN,511593
YASHMGM,511601
ARIHANTCAP,511605
ISLCONSUL,511609
DCMFINSERV,511611
RRFIN,511626
FEDDERSHOL,511628
SAMBHAAV,511630
OMEGAIN,511644
SUGALDAM,511654
NETTLINX,511658
BGIL,511664
SCANSTL,511672
GICHSGFIN,511676
AJCON,511692
CHRTEDCA,511696
STANCAP,511700
YOGI,511702
CUBIFIN,511710
RELICTEC,511712
NIMBSPROJ,511714
INVIGO,511716
BAIDFIN,511724
VIPULLTD,511726
KZLFIN,511728
PASUFIN,511734
RFL,511740
UGROCAP,511742
SAHLIBHFI,511754
ABIRAFN,511756
MANSIFIN,511758
AASTAFIN,511764
MUTHOOTCAP,511766
MASTERTR,511768
EFCIL,512008
SOBME,512014
TTGIL,512018
ASGARD,512025
SKYBIOTECH,512036
TCC,512038
ROYALIND,512047
DHANSAFAL,512048
TANDHANIN,512062
VISVEN,512064
MRUTR,512065
DECNGOLD,512068
UPL,512070
CRANESSOFT,512093
SAICOM,512097
EY,512099
NIDHGRN,512103
ROSEMER,512115
SIGIND,512131
AVANCE,512149
SECURKLOUD,512161
ABANSENT,512165
CAPRICORN,512169
VAMA,512175
SUNTECK,512179
SILVERO,512197
PRISMMEDI,512217
VERITAS,512229
JAICORPLTD,512237
ASHCAP,512247
SVARTCORP,512257
MMWL,512267
AUTOINT,512277
BHAGYANGR,512296
CHMBBRW,512301
SGMART,512329
ARAVALIS,512344
LEXGLOBAL,512345
SWORDEDGE,512359
CUPIDALBV,512361
CRSL,512379
SHARDUL,512393
SERA,512399
MERCTRD,512415
NIRAVCOM,512425
APOLLOFI,512437
ENBETRD,512441
GANONPRO,512443
LLOYDSME,512455
LLOYDSENT,512463
BETXIND,512477
OASISEC,512489
GARNETINT,512493
SHALPRO,512499
DONEAR,512519
SUPER,512527
VIYASH,512529
STCINDIA,512531
KOHINOOR,512559
AVANTIFEED,512573
ZODJRDMKJ,512587
SITAENT,512589
PULSRIN,512591
KDGREEN,512595
KEYFINSERV,512597
ADANIENT,512599
ASTALLTD,512600
BHANDARI,512608
RLF,512618
REGENTRP,512624
ORBTEXP,512626
SAVERA,512634
CHROME,513005
NAVA,513023
REMIEDEL,513043
GSAUTO,513059
TRANSFRE,513063
SBCL,513097
GANDHITUBE,513108
AMFORG,513117
ONIXSOLAR,513119
ORICONENT,513121
ACROW,513149
STLSTRINF,513173
PENIND,513228
JYOTISTRUC,513250
JAYUSH,513252
SSWL,513262
MANINDS,513269
IMEC,513295
MDRNSTL,513303
BELDING,513307
GUJTLRM,513337
GFSTEELS,513343
AJMERA,513349
COCHINM,513353
INDIAHOMES,513361
KVFORGE,513369
CARBORUNIV,513375
MMTC,513377
VALLABHSQ,513397
SMFIL,513418
MAITRI,513430
SHAHALLOYS,513436
ELANGO,513452
KANSHST,513456
MAHALXSE,513460
SIMPLEXCAS,513472
SSWRL,513488
SIZEMASTER,513496
SOUTHMG,513498
BAROEXT,513502
KALYANIFRG,513509
PANCHMAHQ,513511
ADITYA,513513
STEELCAS,513517
PITTIENG,513519
GLITTEKG,513528
PRADPME,513532
GNRL,513536
TNSTLTU,513540
MSCTC,513544
SHRDAIS,513548
MAHASTEEL,513554
NOVIS,513566
STERPOW,513575
HINDCOPPER,513599
TULSYAN,513629
AXELPOLY,513642
NLCINDIA,513683
SPECTRA,513687
KAJARIR,513693
SOLIDSTON,513699
SHILGRAVQ,513709
WHITEORG,513713
MFSINTRCRP,513721
RUDRAECO,514010
RAJKSYN,514028
DEEPAKSP,514030
LOYALTEX,514036
HIMATSEIDE,514043
NEWTRAC,514060
PBMPOLY,514087
ADINATH,514113
SURYALA,514138
TTL,514142
WELSPUNLIV,514162
INDIANACRY,514165
GANECOS,514167
CEETAIN,514171
VARDMNPOLY,514175
BLACKROSE,514183
STCORP,514197
SUMEETINDS,514211
RAMGOPOLY,514223
SANGAMIND,514234
MKVENTURES,514238
KUSHIND,514240
SURBHIN,514260
SEASONST,514264
ZENIFIB,514266
BHILSPIN,514272
VGL,514274
SANTETX,514280
ASHIMASYN,514286
PIONEEREMB,514300
VIPPYSP,514302
JAIHIND,514312
RAGHUSYN,514316
JATTAINDUS,514318
KAMADGIRI,514322
OMNITEX,514324
PATSPINLTD,514326
ONEGLOBAL,514330
NEOINFRA,514332
CCME,514336
PREMIERPOL,514354
EVERFIN,514358
KRRAIL,514360
YARNSYN,514378
GUJCOTEX,514386
GARWSYN,514400
ECOHOTELS,514402
OXFORDIN,514414
MANORG,514418
BPAGRI,514440
SRIKPRIND,514442
JYOTIRES,514448
MHLXMIRU,514450
SOUTLAT,514454
WINSOMTX,514470
MODINSU,515008
REGENCERAM,515018
ASAHIINDIA,515030
MURUDCERA,515037
SEKURITIND,515043
ANANTRAJ,515055
MADHUDIN,515059
RESTILE,515085
MADHAV,515093
HALDYNGL,515147
DUROPLY,516003
SHREYANIND,516016
STARPAPER,516022
PAKKA,516030
TAHMARENT,516032
KSSMART,516038
NATPLY,516062
ARROWGREEN,516064
VISHNU,516072
JUMBO,516078
NRAIL,516082
3PLAND,516092
SANPA,516096
VENTURA,516098
SHKARTP,516106
STHINPA,516108
FAMILYCARE,516110
VINDHYATEL,517015
RIR,517035
ADOR,517041
SALZERELEC,517059
JETKINGQ,517063
INDAGIV,517077
APLAB,517096
PCS,517119
USHAMART,517146
SUBROS,517168
EDVENSWA,517170
PERVASIVE,517172
HONAUT,517174
SWITCHTE,517201
LUMAXIND,517206
DIGISPICE,517214
AURIQUE,517230
CALCOM,517236
DYNAVSN,517238
BCCFUBA,517246
PRECISIO,517258
FINELINE,517264
HBLENGINE,517271
S&SPOWER,517273
RNITAI,517286
GUJARATPOLY,517288
GIPCL,517300
MAGNUS,517320
MOTHERSON,517334
MODMA,517336
MINDTECK,517344
HAVELLS,517354
ACIIN,517356
SBECSYS,517360
INCAP,517370
GUJINTRX,517372
IGARASHI,517380
SYMPHONY,517385
REGANTO,517393
PANELEC,517397
VXLINSTR,517399
SHYAMTEL,517411
LEENEE,517415
PATELSAI,517417
BUTTERFLY,517421
ATHENAGLO,517429
NARMP,517431
DUTRON,517437
RSSOFTWARE,517447
MAGNAELQ,517449
MARSONS,517467
ELNET,517477
ACCEL,517494
WEBELSOLAR,517498
ROTO,517500
TTKPRESTIG,517506
DHINDIA,517514
RAJRATAN,517522
SURANAT&P,517530
ONWARDTEC,517536
CENTUM,517544
ALFATRAN,517546
NHCFOODS,517554
PVP,517556
TRIGYN,517562
KEI,517569
SRICC,518053
SURAJ,518075
APCL,518091
MODINATUR,519003
SHAHFOOD,519031
TASTYBITE,519091
RITESHIN,519097
AVTNPL,519105
HNDFDS,519126
NAHARINDUS,519136
VADILENT,519152
VADILALIND,519156
ASHAI,519174
ADFFOODS,519183
RGRL,519191
WILLIMFI,519214
AJANTSOY,519216
KISAAN,519230
SIEL,519234
SPTRSHI,519238
SRDAPRT,519242
SANWARIA,519260
PRIMAGR,519262
MADHURIND,519279
TARAI,519285
MODAIRY,519287
BAMBINO,519295
PRIMIND,519299
VIKASWSP,519307
VSFPROJ,519331
NOVYRA,519353
POONADAL,519359
TRANSFD,519367
ANIKINDS,519383
SHINDL,519397
DATIWARE,519413
KSE,519421
PIONAGR,519439
VIRATCRA,519457
IBINFO,519463
AMBARPIL,519471
CHORDIA,519475
CIANAGRO,519477
OMEAG,519479
TAIIND,519483
BKV,519500
NCCBLUE,519506
ASIANTNE,519532
HERITGFOOD,519552
SIMRAN,519566
HINDUST,519574
CCL,519600
KELLTONTEC,519602
SURFI,519604
INTEGFD,519606
LAKESHORE,519612
RICOAUTO,520008
OMAXAUTO,520021
MUNJALSHOW,520043
JAMNAAUTO,520051
TVSHLTD,520056
JTEKTINDIA,520057
MUNJALAU,520059
JAYBARMARU,520066
RACLGEAR,520073
SAMKRG,520075
ECSTSTL,520081
SICALLOG,520086
RATNAMANI,520111
VESUVIUS,520113
ASAL,520119
ARCEEIN,520121
ABCINDQ,520123
BALTE,520127
COARO,520131
SIBARAUT,520141
TRANSWORLD,520151
STARLOG,520155
TITANIN,521005
EUROTEXIND,521014
ICIL,521016
MARALOVER,521018
SOMATEX,521034
SOURCEIND,521036
KAKTEX,521054
OCTAVE,521062
TRIDENT,521064
HISARSP,521068
ALOKINDS,521070
PASARI,521080
AMARJOTHI,521097
OLYMPTX,521105
NAGREEKEXP,521109
SUDTIND-B,521113
SBFL,521131
GEMSPIN,521133
EUREKAI,521137
ADITYASP,521141
PRIMEURB,521149
SLSTLQ,521161
ZODIACLOTH,521163
MAXGROW,521167
SRMCL,521178
SUPERSPIN,521180
SILINV,521194
SURYALAXMI,521200
SAMTEX,521206
DHANROTO,521216
DAMODARIND,521220
SANBLUE,521222
UNIROYAL,521226
TATIAGLOB,521228
SUNILTX,521232
SRINACHA,521234
BGDL,521238
SAMBANDAM,521240
MKPMOB,521244
PARASPETRO,521246
KITEX,521248
CRANEX,522001
BATLIBOI,522004
AUSTENG,522005
UNIDT,522014
FLUIDOM,522017
EMAINDIA,522027
WINDMACHIN,522029
SHANTIGEAR,522034
MIVENMACH,522036
HONDAPOWER,522064
HITECHGEAR,522073
ELGIEQUIP,522074
UVDRHOR,522091
KLBRENG-B,522101
BIRLAPREC,522105
YUKEN,522108
TIMKEN,522113
VOITHPAPR,522122
ARTSON,522134
DIACABS,522163
INDSILHYD,522165
ITL,522183
FRONTSP,522195
PRAJIND,522205
RASANDIK,522207
YOGISUNG,522209
HLEGLAS,522215
GUJAPOLLO,522217
TANAA,522229
CONART,522231
MINALIND,522235
SHIVAGR,522237
MMFL,522241
MAYURUNIQ,522249
CENLUB,522251
RAJOOENG,522257
DOLPHIN,522261
VJLAXMIE,522267
AHMDSTE,522273
GVT&D,522275
RAMRAT,522281
JAYNECOIND,522285
KPIL,522287
NMSGLOBAL,522289
CANDOUR,522292
TIGLOB,522294
CONTROLPR,522295
BEMHY,522650
ANSALBU,523007
WEIZMANIND,523011
BNRSEC,523019
RISHITECH,523021
SINCLAIR,523023
SAFARI,523025
COSMOFE,523100
CROPSTER,523105
THRIVE,523120
EIHAHOTELS,523127
MEDICAPQ,523144
FOSECOC,523160
BAPACK,523186
ABAN,523204
KOKUYOCMLN,523207
SRMENERGY,523222
BHARATSE,523229
CONTPTR,523232
NBFOOT,523242
MACPLASQ,523248
PEARLPOLY,523260
VENKEYS,523261
ADVANIHOTR,523269
GVFILM,523277
SUPERHOUSE,523283
RAMAVISION,523289
TCPLPACK,523301
SHRIGANG,523309
BALMLAWRIE,523319
KOVAI,523323
ELDEHSG,523329
DCMSHRIRAM,523367
DCMSRIND,523369
MAWANASUG,523371
MINID,523373
MAHAPEXLTD,523384
NILKAMAL,523385
HOM,523387
NAHARPOLY,523391
3MINDIA,523395
BOSCH-HCIL,523398
JMFINANCIL,523405
ADCINDIA,523411
TNTELE,523419
SUNRAJDI,523425
RIIL,523445
LINDEINDIA,523457
INDBNK,523465
JAIMATAG,523467
LOTUSCHO,523475
CMMHOSP,523489
UNIOFFICE,523519
APMIN,523537
PRECWIRE,523539
KRYPTONQ,523550
SWISSMLTRY,523558
MARBU,523566
FEL,523574
INDTONER,523586
KUNSTOFF,523594
SCI,523598
SIKA,523606
ITI,523610
DREDGECORP,523618
PHRMASI,523620
NFL,523630
IPRINGLTD,523638
PIIND,523642
PLASTIBLEN,523648
YASHINNO,523650
WATERBASE,523660
FLEXFO,523672
GOLKUNDIA,523676
APCOTEXIND,523694
FORTISMLR,523696
MASTEK,523704
EIMCOELECO,523708
SAYAJIHOTL,523710
ASHIANA,523716
SVAMSOF,523722
ECOBOAR,523732
DVL,523736
TIHIL,523752
MAHEPC,523754
MITSHI,523782
MAZDA,523792
VHLTD,523796
SOVERDIA,523826
MENONBE,523828
MUKATPIP,523832
GUJRAFFIA,523836
SIMPLEXINF,523838
INNOVTEC,523840
SUPTANERY,523842
CONSTRONIC,523844
AXTEL,523850
GRANDOAK,523862
EASTINDIA,523874
MEGAMONT,523888
POONAWALLA,524000
KINGFA,524019
PATIDAR,524031
RAMAPHO,524037
VENLONENT,524038
POLYPLEX,524051
ALBERTDAVD,524075
HARLETH,524080
CARYSIL,524091
KABRAEXTRU,524109
VINYLINDIA,524129
PCCOSMA,524136
TCMLMTD,524156
IOLCP,524164
KESARPE,524174
VINATIORGA,524200
LACTOSE,524202
TEEAI,524204
AARTIIND,524208
WANBURY,524212
RESONANCE,524218
GAEL,524226
RCF,524230
GUJINJEC,524238
KOPRAN,524280
AIMCOPEST,524288
GUJTERC,524314
KABRADG,524322
SEYAIND,524324
JAYAGROGN,524330
BCLIND,524332
SHHARICH,524336
INDOBORAX,524342
AARTIDRUGS,524348
BODALCHEM,524370
ORCHPHARMA,524372
VIMTALABS,524394
BIOFILCHEM,524396
ISHITADR,524400
MARKSANS,524404
UNIVSTAR,524408
AAREYDRUGS,524412
NORRIS,524414
ASINPET,524434
CAMEXLTD,524440
EVEXIA,524444
INDOEURO,524458
SYNCOMF,524470
RIDDHI,524480
SVCIND,524488
IPCALAB,524494
KILITCH,524500
RAAJMEDI,524502
CORALAB,524506
BACPHAR,524516
KREBSBIO,524518
KMCSHIL,524520
LAFFANSQ,524522
BHASKAGR,524534
SUKHJITS,524542
SHARMEH,524548
NEULANDLAB,524558
GAYATRIBI,524564
PODDARMENT,524570
PHARMAID,524572
VIVIDIND,524576
TIRUSTA,524582
JAYSYNTH,524592
AEONXDIGI,524594
AKSHARCHEM,524598
BANDARAM,524602
BERLDRG,524606
INDXTRA,524614
ISTRNETWK,524622
GAGAN,524624
PARKERAC,524628
SHUKRAPHAR,524632
ALUFLUOR,524634
OXYGENTAPH,524636
ARCHITORG,524640
INDOAMIN,524648
NATCAPSUQ,524654
WELCURE,524661
BIBCL,524663
SOTL,524667
HESTERBIO,524669
KABSON,524675
BASANTGL,524687
SANDUPHQ,524703
NACLIND,524709
VISTAPH,524711
SUNPHARMA,524715
TITANBIO,524717
ARVAYA,524723
SDL,524727
JENBURPH,524731
HIKAL,524735
CAPLIPOINT,524742
FISCHER,524743
LINKPH,524748
DECIPHER,524752
EMMESSA,524768
NGLFINE,524774
EVERESTO,524790
AUROPHARMA,524804
PHYTO,524808
NATCOPHARM,524816
DYNAMIND,524818
PANAMAPET,524820
BALPHARMA,524824
BDH,524828
JAUSPOL,526001
GLOBUSCON,526025
CUBEXTUB,526027
POLYCHMP,526043
STELLANT,526071
GALXBRG,526073
VINRKLB,526075
SCAGRO,526081
RALEGRA,526095
UNRYLMA,526113
KARANWO,526115
SHERVANI,526117
BNAGROCHEM,526125
SUPERTEX,526133
SHETR,526137
TRABI,526139
MPL,526143
NIKHILAD,526159
SPENTA,526161
MULTIBASE,526169
ANDREWYU,526173
LUDLOWJUT,526179
ASHRAM,526187
ROYALCU,526193
SURJIND,526211
HITECHCORP,526217
FILATEX,526227
STDSFAC,526231
MORGAN,526237
AMRAPLIN,526241
PREMEXPLN,526247
MOLDTECH,526263
CRSTCHM,526269
MPHASIS,526299
DIVSHKT,526315
ORIENTLTD,526325
ADVMULT,526331
SHREYASI,526335
PANJON,526345
DUROPACK,526355
SWARNSAR,526365
GANESHHOU,526367
NMDC,526371
CINDHO,526373
PATINTLOG,526381
ALPHAGEO,526397
HAMPTON,526407
KKALPANAIND,526409
OKPLA,526415
KRITI,526423
ASMTEC,526433
PERFEPA,526435
VISIONCINE,526441
AEIM,526443
INDRANIB,526445
EUROLED,526468
WINSOMBR,526471
ELEFLOR,526473
SKYIND,526479
PHOENXINTL,526481
BHUDEVI,526488
PRATIK,526490
RISHIROOP,526492
PROMACT,526494
STRGRENWO,526500
SYSTMTXC,526506
SHAHISHIP,526508
ALPINEHOU,526519
IIRM,526530
SFPIL,526532
SGLRES,526544
CHOKSILA,526546
CCHHL,526550
SALGUTI,526554
REMAGNET,526570
ENTRINT,526574
TPLPLASTEH,526582
PHOTOQUP,526588
LIBERTSHOE,526596
LIPPISYS,526604
ELECTHERM,526608
BLUEDART,526612
EXPOEAPL,526614
NATPLAS,526616
MFLINDIA,526622
TEXELIN,526638
RAYALEMA,526640
MIRZAINT,526642
TFCILTD,526650
THAKDEV,526654
BIL,526666
KAMATHOTEL,526668
TIRTPLS,526675
KEEPLEARN,526677
ECOPLAST,526703
ELEMARB,526705
BITS,526709
ADARSHPL,526711
HPBL,526717
NICCOPAR,526721
NTCIND,526723
SANDESH,526725
GARNET,526727
GOLDIAM,526729
BRIGHTBR,526731
SHAWGELTIN,526739
PGFOILQ,526747
GRATEXI,526751
VELHO,526755
HOWARHO,526761
VALIANT,526775
DRAGARWQ,526783
GREENPLY,526797
SEAMECLTD,526807
RAGHUNAT,526813
CHEVIOT,526817
DAICHI,526821
RAJINFRA,526823
SPICEISLIN,526827
CONFIPET,526829
SIPL,526839
SHAKTIPR,526841
ASHSI,526847
BANARBEADS,526849
AREXMIS,526851
BI,526853
ISFL,526859
RISHILASE,526861
JAINCO,526865
KUMPFIN,526869
INTECCAP,526871
RAJSEC,526873
SIDDHEGA,526877
63MOONS,526881
SARLAPOLY,526885
INDOCRED,526887
MKTCREAT,526891
HFIL,526899
SONALAD,526901
PADMAIND,526905
21STCENMGM,526921
HRYNSHP,526931
KALIND,526935
VAICC,526941
TYROON,526945
LAOPALA,526947
STYLAMIND,526951
VENUSREM,526953
LASTMILE,526961
GUJCRAFT,526965
HEERAISP,526967
DHOOTIN,526971
SHBAJRG,526981
URJA,526987
ASHAPURMIN,527001
SHREEPAC,527005
GUJALKALI,530001
INDIACEM,530005
JKTYRE,530007
SIL,530017
JUBLPHARMA,530019
THEINVEST,530023
SAMYAKINT,530025
SPARKLEGR,530037
ACKNIT,530043
TITANSEC,530045
REALECO,530053
VIVANZA,530057
YASHRAJC,530063
LORDSHOTL,530065
CSLFINANCE,530067
SANGHVIMOV,530073
ANTELOPUS,530075
PURETROP,530077
FAZE3Q,530079
ANUPAM,530109
RAJPACK,530111
PRIVISCL,530117
NATRAJPR,530119
SAMRATPH,530125
NPRFIN,530127
NILE,530129
AMCOIND,530133
OPTIEMUS,530135
KREONFIN,530139
GYANDEV,530141
KISAN,530145
KERALAYUR,530163
MONGIPA,530167
MOHITPPR,530169
DAULAT,530171
ODYSSEY,530175
VKGLOBAL,530177
RSCINT,530179
SURATRAML,530185
ATHARVENT,530187
FUNDVISER,530197
THEMISMED,530199
KALLAM,530201
BRAWN,530207
FORINTL,530213
KINGSINFR,530215
SWOJAS,530217
SUBSM,530231
AUROLAB,530233
KJMCFIN,530235
SUVEN,530239
ARYAMAN,530245
BRIDGESE,530249
RISAINTL,530251
RAJTUBE,530253
KAYPOWR,530255
INTSTOIL,530259
GLOBALCA,530263
SAINIK,530265
ARIGATO,530267
RICHUNV,530271
QUANTDIA,530281
SPCAPIT,530289
KOTHARIPRO,530299
PICCADIL,530305
CLSEL,530307
CHANDRAP,530309
KIMIABL,530313
HINDTIN,530315
GODAVARI,530317
PREMCO,530331
MUKESHB,530341
GENUSPOWER,530343
ASIANENE,530355
KBSINDIA,530357
PRABHHANS,530361
UGARSUGAR,530363
ORIENTBELL,530365
NRBBEARING,530367
VAMSHIRU,530369
NILAINFRA,530377
DBSTOCKBRO,530393
VINYOFL,530401
JINDCAP,530405
EPIC,530407
SUMEDHA,530419
KUWERIN,530421
CHOKSI,530427
ASHISHPO,530429
SHIVAAGRO,530433
SIDDHA,530439
SUMERUIND,530445
RUNGTAIR,530449
GTTDATA,530457
VALSONQ,530459
SABOOSOD,530461
GSLSEC,530469
TINNARUBR,530475
VIKRAMTH,530477
STRATMONT,530495
AKCAPIT,530499
RELAXO,530517
VIRAT,530521
RRETAIL,530525
TERAI,530533
COSCO,530545
KENFIN,530547
SHILPAMED,530549
PARACABLES,530555
NCLRESE,530557
KOIYAIN,530565
EXPLICITFIN,530571
LADDERUP,530577
UYFINCORP,530579
EKAMLEA,530581
SWASTIKA,530585
PRIMAPLA,530589
TELECANOR,530595
JAGSONSER,530601
GARGFUR,530615
SAMPRE,530617
AAIL,530621
VIPULORG,530627
ECORECO,530643
GOODLUCK,530655
GOYALASS,530663
ZENITHHE,530665
ACEENGITEC,530669
YORKEXP,530675
SUPREME,530677
LYKISLTD,530689
PRIMEPRO,530695
ZENLABS,530697
RAJRILTD,530699
ANIRIT,530705
GOWRALE,530709
JAGANLAM,530711
ASITCFIN,530723
SUPERBAK,530735
OVOBELE,530741
ACSTECH,530745
CHALLANI,530747
CORNE,530755
STERTOOLS,530759
INLANPR,530787
CEEJAY,530789
SUNCITYSY,530795
ANNAINFRA,530799
BHAGERIA,530803
OIVL,530805
BNRUDY,530809
KRBL,530813
SSPDL,530821
DAIKAFFI,530825
CILSEC,530829
CLIOINFO,530839
CUPID,530843
SUNSHIEL,530845
HIPOLIN,530853
CHEMBOND,530871
CIFL,530879
ABVL,530881
SUCROSA,530883
AUDROC,530889
NGIND,530897
ASIAPAK,530899
SICAPIT,530907
ERPSOFT,530909
REMSONSIND,530919
RAMSONS,530925
STANPACK,530931
AQYLON,530943
RAMINFO,530951
SUNILAGR,530953
DIANATEA,530959
VIKASECO,530961
IOC,530965
ALFAICA,530973
SKCIL,530977
INDIAHOME,530979
ROOPAIND,530991
SARTHAKGL,530993
UNIQUEO,530997
BALAMINES,530999
SWRNASE,531003
VENMAX,531015
ARISE,531017
VISAGAR,531025
LIBORD,531027
REGAL,531033
EBIX,531035
COMPEAU,531041
ZDHJERK,531043
NEELKAN,531049
CONTILI,531067
VIJSOLX,531069
ALANKIT,531082
NIHARINF,531083
UNITDCR,531091
OMINFRAL,531092
CENTUPLE,531099
ISHANCH,531109
GOTHIPL,531111
BALUFORGE,531112
CEENIK,531119
PATELENG,531120
KATIPATANG,531126
MENAMANI,531127
INANI,531129
GEMSI,531137
ELFORGE,531144
MEDICAMEQ,531146
ALICON,531147
DILIGENT,531153
EPSOMPRO,531155
ALFAVIO,531156
ORGCOAT,531157
CATVISION,531158
ABMKNO,531161
EMAMILTD,531162
KEMISTAR,531163
SKPSEC,531169
SYSCHEM,531173
MEFCOMCAP,531176
HEMANG,531178
ARMANFIN,531179
FILTRON,531191
GLANCE,531199
SHILCTECH,531201
TRADEWELL,531203
SPRIGHT,531205
NUCLEUS,531209
COLINZ,531210
NLFL,531212
MANAPPURAM,531213
RTSPOWR,531215
COMFINTE,531216
MAYURFL,531221
ANJANI,531223
XTGLOBAL,531225
DECOMIC,531227
RASIELEC,531233
SCOOBEEDAY,531234
CITIPOR,531235
DHRUVCA,531237
LINC,531241
PRIMAIN,531246
INDGELA,531253
OPTIFIN,531254
PARAGONF,531255
VELLORA,531257
ESHAMEDIA,531259
VSTTILLERS,531266
B2BSOFT,531268
NIKKIGL,531272
RADHEDE,531273
KINETRU,531274
ELIXIR,531278
TRISHAKT,531279
PANKAJPO,531280
MARBLE,531281
NATPLASTI,531287
LEADFIN,531288
NATFIT,531289
ARTEFACT,531297
TUSALDAH,531301
DHPIND,531306
RRIL,531307
AVAILFC,531310
INTCAPL,531314
MGIL,531319
HAVISHA,531322
KRETTOSYS,531328
VIKALPS,531334
ZYDUSWELL,531335
MILESTONE,531338
BERVINL,531340
CONCOR,531344
EASTRED,531346
PANACEABIO,531349
MERCURYEV,531357
CHOICEIN,531358
SRAMSET,531359
EKANSH,531364
SPAR,531370
BYKE,531373
CSURGSU,531380
ARIHANT,531381
HASTIFIN,531387
UPSURGE,531390
PADAMCO,531395
WOMENNET,531396
POLYCON,531397
SOURCENTRL,531398
GGAUTO,531399
ALMONDZ,531400
LWSKNIT,531402
ANSINDUS,531406
TUNITEX,531411
RADIXIND,531412
NARPROP,531416
MEGACOR,531417
BMBMUMG,531420
TNPL,531426
SHAKTIPUMP,531431
SUNGOLD,531433
SAFFRON,531436
PWASML,531437
GOLDTECH,531439
LYONSCO,531441
GRMOVER,531449
MOHITIND,531453
POLYLINK,531454
MINAXI,531456
BOSTON,531458
CONTICON,531460
GBLINFRA,531463
NOUVEAU,531465
DUKEOFS,531471
CYBELEIND,531472
FILME,531486
CGVAK,531489
NAVKARURB,531494
BLUECOAST,531495
MADHUCON,531497
RAJESHEXPO,531500
ESARIND,531502
MARIS,531503
INDERGR,531505
EVEREADY,531508
STEP2COR,531509
ORIENTTR,531512
MAHANIN,531515
VIKASPROP,531518
ACESOFT,531525
SOFTRAKV,531529
BETALA,531530
HATSUN,531531
ACCEDERE,531533
MIZVEN,531537
RISHDIGA,531539
MAINFRA,531540
KOBO,531541
JINDWORLD,531543
SOMANYCERA,531548
JHACC,531550
RAGHUTOB,531552
DRL,531553
CORALFINAC,531556
AMITSEC,531557
SANJIVIN,531569
VASINFRA,531574
BERYLSE,531582
RAP,531583
DEVINE,531585
BAMPSL,531591
GENPHARMA,531592
INCON,531594
CGCL,531595
FDC,531599
GOGIACAPGL,531600
GORANIN,531608
MAL,531613
COUNCODOS,531624
OROSMITHS,531626
TEJASSVI,531628
LINCOLN,531633
SILVOAK,531635
PRAVEG,531637
SURAJLTD,531638
MARICO,531642
TOKYOFIN,531644
UVS,531652
ABATEAS,531658
HITTCO,531661
YUVRAAJHPL,531663
RRMETAL,531667
VISIONCO,531668
KARNAWATI,531671
ANKIN,531673
EMROCK,531676
MAYUR,531680
AMERISE,531681
PRITHVIEXCH,531688
KHYATI,531692
RAINBOWF,531694
TRICOMFRU,531716
VIDHIING,531717
BHAGCHEM,531719
GATECH,531723
PANCHSHEEL,531726
MENNPIS,531727
GREENCREST,531737
GENNEX,531739
GINISILK,531744
PRAENG,531746
BIOGEN,531752
GKCONS,531758
APOLLOPIPE,531761
UNJHAFOR,531762
POLYMED,531768
PFLINFOTC,531769
SHRADDHA,531771
KACHCHH,531778
PADALPO,531779
KACL,531780
KCLINFRA,531784
ATULAUTO,531795
SCANPRO,531797
PRERINFRA,531802
METALCO,531810
SGNTE,531812
TIRSARJ,531814
MUNOTHFI,531821
RODIUM,531822
NAGTECH,531832
NATHUEC,531834
IECEDU,531840
INDUSFINL,531841
LAHOTIOV,531842
ZENITHSTL,531845
TRINITYLEA,531846
ASTAR,531847
ORIRAIL,531859
JOINDRE,531861
BHARATAGRI,531862
UNITINT,531867
SACHEMT,531869
POPULARES,531870
ANJANIFIN,531878
REXNORD,531888
NWIL,531889
KHANDSE,531892
SAWACA,531893
CCLINTER,531900
GALLOPENT,531902
CROISSANCE,531909
JOJO,531910
GALAGEX,531911
CASTORA,531913
AGARIND,531921
DHAMPURE,531923
SHAQUAK,531925
SARTHAKIND,531930
SAICAPI,531931
LEXORAA,531944
VERTEX,531950
RIBATEX,531952
NEWINFRA,531959
SHREMETAL,531962
CHLOGIST,531977
AMBIKCO,531978
HINDALUMI,531979
SPECFOOD,531982
AMRAAGRI,531991
AUTOPINS,531994
ODYCORP,531996
IKOMA,531997
INDCTST,532001
SAMINDUS,532005
SHVFL,532007
POOJAENT,532011
GRAVITY,532015
ESPIRE,532016
LCCINFOTEC,532019
FILATFASH,532022
SINDHUTRAD,532029
ZENOTECH,532039
HINDBIO,532041
FRONTCORP,532042
SWELECTES,532051
WALLFORT,532053
KDDL,532054
ABHICAP,532057
3BBLACKBIO,532067
GUJJUBHAI,532070
ATVOENT,532090
EPUJA,532092
INDOCITY,532100
SBECSUG,532102
BRIJLEAS,532113
BSELALGO,532123
RELIABVEN,532124
TRIUMPIN,532131
BANKBARODA,532134
MOHITE,532140
ACL,532141
SKMEGGPROD,532143
WELCORP,532144
HOTLSILV,532145
BANKINDIA,532149
INDRAMEDCO,532150
JOHNPHARMA,532154
GAIL,532155
VAIBHAVGBL,532156
TRESCON,532159
GUJSTATFIN,532160
JKPAPER,532162
SAREGAMA,532163
ADROITINFO,532172
CYBERTECH,532173
ICICIBANK,532174
CYIENT,532175
ENGINERSIN,532178
DHANBANK,532180
GMDCLTD,532181
GAYATRI,532183
INDUSINDBK,532187
ITDC,532189
J&KBANK,532209
CUB,532210
ARCHIES,532212
AXISBANK,532215
HBSL,532216
CMXLTD,532217
SOUTHBANK,532218
ENERGYDEV,532219
SONATSOFTW,532221
BENGALT,532230
NATIONALUM,532234
INDNIPPON,532240
NSIL,532256
APARINDS,532259
TCIIND,532262
ACCELYA,532268
ORCHASP,532271
LANDMARC,532275
HCLTECH,532281
TCFCFINQ,532284
GEOJITFSL,532285
JINDALSTEL,532286
BLBLIMITED,532290
GLENMARK,532296
WOCKPHARMA,532300
INTEGHIT,532303
KJMCCORP,532304
INDSWFTLAB,532305
GVPIL,532309
SHREERAMA,532310
MAHLIFE,532313
GROARC,532315
VAARAD,532320
ZYDUSLIFE,532321
SHIVACEM,532323
CINEVISTA,532324
INTENTECH,532326
DANLAW,532329
AJANTPHARM,532331
HBPOR,532333
HBESD,532334
AMBICAAGAR,532335
COMPUSOFT,532339
OMNIAX,532340
IZMO,532341
TVSMOTOR,532343
MADALA,532344
SUBEXLTD,532348
TCI,532349
PADMALAYAT,532350
AKSHOPTFBR,532351
VIRGOGLOB,532354
PICTUREHS,532355
TRIVENI,532356
MUKTAARTS,532357
HITKITGLO,532359
NAGPI,532362
DSSL,532365
PNBGILTS,532366
BCG,532368
RAMCOIND,532369
RAMCOSYS,532370
TTML,532371
VIRINCHI,532372
WEPSOLN,532373
STLTECH,532374
TIPSMUSIC,532375
UMIYA-MRO,532376
UNIVARTS,532378
FIRSTFIN,532379
BABA,532380
BALAJITELE,532382
TYCHE,532384
CALSOFT,532386
PNC,532387
IOB,532388
TAJGVK,532390
CREATIVEYE,532392
AXISCADES,532395
KONNDOR,532397
UMESLTD,532398
BSOFT,532400
USGTECH,532402
7TEC,532404
AVANTEL,532406
MOSCHIP,532407
SIGMAADV,532408
TRANSCOR,532410
NEXTMEDIA,532416
SMARTLINK,532419
GODREJCP,532424
GENUSPRIME,532425
BFUTILITIE,532430
UNITDSPR,532432
SANINFRA,532435
OLECTRA,532439
MPSLTD,532440
CERA,532443
TSPIRITUAL,532444
BHARTIARTL,532454
SHALIWIR,532455
COMPINFO,532456
GULPOLY,532457
PONNIERODE,532460
PNB,532461
OFSS,532466
HAZOOR,532467
KAMAHOLD,532468
APTECHT,532475
UNIONBANK,532477
UBL,532478
NOIDATOLL,532481
GRANULES,532482
CANBK,532483
BLIL,532485
POKARNA,532486
DIVISLAB,532488
ASTRAMICRO,532493
RADICO,532497
MARUTI,532500
RAJPALAYAM,532503
NAVINFLUOR,532504
UCOBANK,532505
BAGFILMS,532507
JSL,532508
SUPRAJIT,532509
TVSELECT,532513
IGL,532514
TVTODAY,532515
PALREDTEC,532521
PETRONET,532522
BIOCON,532523
PTC,532524
MAHABANK,532525
RKFORGE,532527
DATAMATICS,532528
NDTV,532529
STAR,532531
ULTRACEMCO,532538
UNOMINDA,532539
TCS,532540
COFORGE,532541
GULFPETRO,532543
CENTURYPLY,532548
WELENT,532553
NTPC,532555
SALSTEEL,532604
JBMA,532605
DWARKESH,532610
INDOCO,532612
VIPCLOTHNG,532613
IMPEXFERRO,532614
XCHANGING,532616
JINDALPHOT,532624
POCL,532626
JPPOWER,532627
3IINFOLTD,532628
MBECL,532629
GOKEX,532630
ALLDIGI,532633
IIFL,532636
MANGALAM,532637
SHOPERSTOP,532638
CYBERMEDIA,532640
NDL,532641
JSWHL,532642
JKCEMENT,532644
BEEYU,532645
YESBANK,532648
NECLIFE,532649
MSPL,532650
KTKBANK,532652
MCLEODRUSS,532654
FACORALL,532656
VIVIMEDLAB,532660
RML,532661
HTMEDIA,532662
SASKEN,532663
FCSSOFT,532666
SUZLON,532667
AURIONPRO,532668
RENUKA,532670
KMSUGAR,532673
BASML,532674
PBAINFRA,532676
AIAENG,532683
EKC,532684
KERNEX,532686
REPRO,532687
PVRINOX,532689
ASMS,532694
CELEBRITY,532695
NITINSPIN,532698
ROHLTD,532699
ENIL,532700
CELLA,532701
JAGRAN,532705
GVKPIL,532708
SADBHAV,532710
RCOM,532712
SAKUMA,532713
KEC,532714
GILLANDERS,532716
INDOTECH,532717
BLKASHYAP,532719
M&MFIN,532720
VISACHROME,532721
NITCO,532722
MPDL,532723
SOLARINDS,532725
GALLANTT,532726
MALUPAPER,532728
UTTAMSUGAR,532729
SGL,532730
KKCL,532732
SUNTV,532733
GPIL,532734
RSYSTEMS,532735
EMKAY,532737
TICL,532738
LOKESHMACH,532740
KAMDHENU,532741
PAUSHAKLTD,532742
GTNTEX,532744
PFOCUS,532748
ALLCARGO,532749
GMRAIRPORT,532754
TECHM,532755
CIEINDIA,532756
VOLTAMP,532757
ATLANTAA,532759
HGM,532761
ACE,532762
GAYAPROJ,532767
FIEMIND,532768
JHS,532771
DCBBANK,532772
GLOBALVECT,532773
INSPIRISYS,532774
GTLINFRA,532775
SHIVAMAUTO,532776
NAUKRI,532777
TORNTPOWER,532779
PARSVNATH,532780
SUTLEJTEX,532782
LTFOODS,532783
SOBHA,532784
RUCHIRA,532785
TANLA,532790
ZEEMEDIA,532794
SITINET,532795
LUMAXTECH,532796
AUTOIND,532797
NETWORK18,532798
HUBTOWN,532799
CTE,532801
TIIL,532804
REDINGTON,532805
AICHAMP,532806
CINELINE,532807
PGIL,532808
FSL,532809
PFC,532810
AHLUCONT,532811
INDIANB,532814
SMSPHARMA,532815
ORIENTALTL,532817
ELAND,532820
IDEA,532822
JAGJANANI,532825
RAJTV,532826
PAGEIND,532827
AMDIND,532828
LEHAR,532829
ASTRAL,532830
EMBDL,532832
CAMLINFINE,532834
ICRA,532835
DISHTV,532839
SAHYADRI,532841
SRHHYPOLTD,532842
FORTIS,532843
TGBHOTELS,532845
HILTON,532847
DELTACORP,532848
MICEL,532850
INSECTICID,532851
ASAHISONG,532853
HARYNACAP,532855
TIMETECHNO,532856
HGS,532859
NELCAST,532864
V2RETAIL,532867
DLF,532868
TARMAT,532869
ANKITMETAL,532870
SPARC,532872
HDIL,532873
ADSL,532875
ALPA,532878
OMAXE,532880
REFEX,532884
CENTRALBK,532885
NEUEON,532887
ASIANTILES,532888
KPRMILL,532889
TAKE,532890
PURVA,532891
MOTILALOFS,532892
VTMLTD,532893
INDOWIND,532894
NAGREEKCAP,532895
MAGNUM,532896
POWERGRID,532898
KSCL,532899
PAISALO,532900
CCCL,532902
SUPREMEINF,532904
MAANALU,532906
IL&FSENGG,532907
PARLEIND,532911
RELIGARE,532915
BVCL,532916
RATHIBAR,532918
ADANIPORTS,532921
EDELWEISS,532922
RGL,532923
KOLTEPATIL,532924
JYOTHYLAB,532926
ECLERX,532927
TARIL,532928
BRIGADE,532929
BGRENERGY,532930
BURNPUR,532931
MANAKSIA,532932
PORWAL,532933
PPAP,532934
ARIES,532935
KUANTUM,532937
RPOWER,532939
JKIL,532940
CORDSCABLE,532941
KNRCON,532942
ONMOBILE,532944
SEPC,532945
BANG,532946
IRB,532947
GSS,532951
NAHARCAP,532952
VGUARD,532953
RECLTD,532955
GOKAKTEX,532957
TITAGARH,532966
KIRIINDUS,532967
BIRLAMONEY,532974
TELOGICA,532975
JAIBALAJI,532976
BAJAJ-AUTO,532977
BAJAJFINSV,532978
GOKUL,532980
RPGLIFE,532983
SENSEX1,532985
NIRAJ,532986
BAFNAPH,532989
CHLLTD,532992
SEJALLTD,532993
ARCHIDPLY,532994
SOMICONVEY,533001
BIRLACOT,533006
LGBFORGE,533007
LPDC,533012
SICAGEN,533014
SIMPLXPAP,533019
20MICRONS,533022
ZFCVINDIA,533023
ALKALI,533029
ISGEC,533033
IMFA,533047
TPHQ,533048
VEDAVAAG,533056
MOLDTKPAC,533080
MHRIL,533088
LANDSMILL,533090
ROML,533093
BENGALASM,533095
ADANIPOWER,533096
NHPC,533098
PEIL,533100
SURYAAMBA,533101
GLOBUSSPR,533104
OIL,533106
SWANDEF,533107
BTTL,533108
SPSL,533110
EXPLEOSOL,533121
RTNPOWER,533122
DEN,533137
ASTEC,533138
DLINKINDIA,533146
JSWENERGY,533148
YUNIKM,533149
GODREJPROP,533150
DBCORP,533151
MBLINFRA,533152
JUBLFOOD,533155
VASCONEQ,533156
THANGAMAYL,533158
DBREALTY,533160
EMMBI,533161
HATHWAY,533162
TEXMOPIPES,533164
SUNDARAM,533166
COROENGG,533167
ROSSELLIND,533168
MANINFRA,533169
TAMBOLIIN,533170
IVZINGOLD,533172
IL&FSTRANS,533177
PERSISTENT,533179
ISFT,533181
KCPSUGIND,533192
KECL,533193
SATCH,533202
TARAPUR,533203
SJVN,533206
EMAMIPAP,533208
KRITINUT,533210
GKB,533212
HMVL,533217
EMAMIREAL,533218
BAJAJCON,533229
HDFCGOLD,533230
PRAKASHSTL,533239
GOLDIETF,533244
GPPL,533248
WELINV,533252
WAAREEINDO,533257
HEALTHX,533259
CPCAP,533260
RAMKY,533262
GREENPOWER,533263
CANTABIL,533267
SEATV,533268
WABAG,533269
BEDMUTHA,533270
ASHOKA,533271
JWL,533272
OBEROIRLTY,533273
PRESTIGE,533274
SHAH,533275
COALINDIA,533278
GRAVITA,533282
RPPINFRA,533284
RDBIPL,533285
MOIL,533286
ZEELEARN,533287
KTIL,533289
A2ZINFRA,533292
KIRLOSENG,533293
RKDL,533294
PSB,533295
FMNL,533296
SURANASOL,533298
SHEKHAWATI,533301
KICL,533302
BFINVEST,533303
SUMMITSEC,533306
STEL,533316
TEXRAIL,533326
INDTERRAIN,533329
FCL,533333
ZENTEC,533339
LOVABLE,533343
PFS,533344
MON100,533385
MUTHOOTFIN,533398
TRUEGREEN,533407
BSLGOLDETF,533408
VMS,533427
KARMAENG,533451
DELPHIFX,533452
RUSHIL,533470
ENKEIWHEL,533477
KRIDHANINF,533482
INVENTURE,533506
LTF,533519
IBULLSLTD,533520
TREEHOUSE,533540
BROOKS,533543
RUPA,533552
TDPOWERSYS,533553
GOLDAXIS,533570
APLLTD,533573
VASWANI,533576
PGEL,533581
LESHAIND,533602
RDBRL,533608
TIJARIA,533629
ONELIFECAP,533632
FLEXITUFF,533638
UEL,533644
TRITURBINE,533655
INDOTHAI,533676
ESSARSHPNG,533704
LICMFGOLD,533719
APLAPOLLO,533758
GPTINFRA,533761
FERVENTSYN,533896
THOMASCOTT,533941
TERASOFT,533982
PMCFIN,534060
FUTSOL,534063
AIML,534064
RHIM,534076
MCX,534091
SCHNEIDER,534139
OLPCL,534190
NBCC,534309
MTEDUCARE,534312
HEXATRADEX,534328
MAXHEIGHTS,534338
TBZ,534369
VSSL,534392
LOOKS,534422
SPECIALITY,534425
AURUS,534532
META,534535
RTNINDIA,534597
SAMPANN,534598
JTLIND,534600
AMTL,534612
NECCLTD,534615
WAAREERTL,534618
JUPITERIN,534623
DUCON,534674
PROZONER,534675
SRGHFL,534680
COMCL,534691
SHANTIGURU,534708
CASPIAN,534732
AERPACE,534733
VIRTUALG,534741
ZUARI,534742
STEELXIND,534748
TRIOMERC,534755
JUJHARLOGI,534796
CARERATING,534804
PCJEWELLER,534809
INDUSTOWER,534816
ISERA,534920
VMART,534976
NIBE,535136
MUKTA,535204
MYSTICELE,535205
COMFINCAP,535267
SBISENSEX,535276
REPCOHOME,535322
LAKHOTIA,535387
GCMSECU,535431
NIBL,535458
PRIMECAPM,535514
KIFS,535566
SREEL,535601
SHARDAMOTR,535602
BINNYMILLS,535620
SVGLOBAL,535621
JUSTDIAL,535648
OONE,535657
BRAHMINFRA,535693
AMPVOLTS,535719
KHOOBSURAT,535730
ORIENTCEM,535754
ABFRL,535755
SAMMAANCAP,535789
MMLF,535910
ALSL,535916
ESSENTIA,535958
JULIEN,536073
TIGERLOGS,536264
JKAGRI,536493
FLFL,536507
NOVELIX,536565
PVVINFRA,536659
VCU,536672
INDRENEW,536709
ACFSL,536737
JPOLYINVST,536773
YURANUS,536846
MOM100,536960
CPL,536974
NIFTYIETF,537007
NIF100IETF,537008
ARNOLD,537069
SUNLOC,537253
JTLDEFENCE,537254
SUYOG,537259
NATHBIOGEN,537291
AGRITECH,537292
CHEMTECH,537326
KETOMOTORS,537392
NIF100BEES,537483
DENISCHEM,537536
LADDU,537707
NIFTY1,537708
HANSUGAR,537709
KIRANVYPAR,537750
BCP,537766
RACE,537785
MANGIND,537800
VIJIFIN,537820
HBGHOTELS,537839
INFRONICS,537985
CPSEETF,538057
HARIAAPL,538081
RNBDENIMS,538119
SHARPINV,538212
WONDERLA,538268
RESPONSINF,538273
AFEL,538351
INCREDIBLE,538365
WESTLEIRES,538382
METSL,538401
JACKSON,538422
MONEYBOXX,538446
WORTH,538451
TPROJECT,538464
CTL,538476
SBL,538520
YAANENT,538521
ANVRDHI,538539
RAAMA,538540
GOLDCOINHF,538542
BRPL,538546
ARMAN,538556
SKIPPER,538562
SMTEL,538563
JAMESWARREN,538564
VISTARAMAR,538565
GULFOILLUB,538567
FRUTION,538568
TRIVENIENT,538569
BHANDERI,538576
CEMAINFRA,538596
TTIENT,538597
VISHAL,538598
TOYAMSL,538607
GAJANANSEC,538609
UNISON,538610
RTFL,538611
VRL,538634
SNOWMAN,538635
QGO,538646
SHARDACROP,538666
MIIL,538668
CITYONLINE,538674
SENSEXBEES,538683
SHEMAROO,538685
ULTRACAB,538706
RCCL,538707
ETIL,538708
ATISHAY,538713
SANGAMFIN,538714
DHABRIYA,538715
ARYACAPM,538716
PDSL,538730
VGCL,538732
CEINSYS,538734
PANABYTE,538742
MUDUNURU,538743
CRANEINFRA,538770
NIYOGIN,538772
ASIACAP,538777
KALYANCAP,538778
CITIZEN,538786
GBFL,538787
GILADAFINS,538788
SAPPL,538795
AANCHALISP,538812
CAPPIPES,538817
KAIZENAGRO,538833
JMJFIN,538834
INTELLECT,538835
MONTECARLO,538836
JSTL,538837
ICL,538838
SCC,538857
PANAFIC,538860
MYMONEY,538862
CSL,538868
NEXUSSURGL,538874
GALADAFIN,538881
EMERALD,538882
MKEXIM,538890
MCLOUD,538891
OCTAL,538894
MIHIKA,538895
KANCHI,538896
SHRINIWAS,538897
DTIL,538902
VANICOM,538918
VINCOFE,538920
COSYN,538922
SOFCOM,538923
NAPL,538926
KARNAVATI,538928
ABHIFIN,538935
MERCANTILE,538942
ALFL,538952
GENUSPAPER,538961
MINDACORP,538962
MERCURYLAB,538964
CONCORD,538965
WARDINMOBI,538970
SHREESEC,538975
GREENLAM,538979
TALBROSENG,538987
SAPL,538992
PTCIL,539006
CHENFERRO,539011
MEGRISOFT,539012
GITARENEW,539013
KALPACOMME,539014
NEIL,539016
STARHFL,539017
BEEKAY,539018
SETFBSE100,539031
FRASER,539032
TIRUPATIIN,539040
GANVERSE,539041
AGIIL,539042
MANAKSTEEL,539044
MANAKALUCO,539045
MANAKCOAT,539046
IMAGICAA,539056
INOXWIND,539083
RAJPUTANA,539090
CCDL,539091
URSUGAR,539097
NORTHLINK,539110
SHESHAINDS,539111
PML,539113
ALANSCOTT,539115
SUJALA,539117
VRLLOG,539118
GRAMEVA,539120
PALCO,539121
BODHTREE,539122
VBIND,539123
MEP,539126
WARDWIZFBL,539132
UFO,539141
PANTH,539143
SHIVALIK,539148
ICSL,539149
PNCINFRA,539150
ARFIN,539151
VLL,539167
HELPAGE,539174
HAWAENG,539176
AIIL,539177
POEL,539195
AEL,539196
SGFIN,539199
NOBPOL,539200
SATIA,539201
GVBL,539206
GARMNTMNTR,539216
SRESTHA,539217
MUL,539219
MISHKA,539220
SPORTKING,539221
GROWINGTON,539222
HCKKVENTURE,539224
RUDRA,539226
LOYAL,539227
GGPL,539228
BALKRISHNA,539251
SHYAMCENT,539252
ADANIENSOL,539254
STARDELTA,539255
SAMSRITA,539267
SYNGENE,539268
MSL,539275
KAYA,539276
SYMBIOX,539278
ORTINGLOBE,539287
AURUM,539289
OSWALGREEN,539290
SUNRAKSHAK,539300
ARVSMART,539301
POWERMECH,539302
RAMASTEEL,539309
THINKINK,539310
SENSEXBETA,539312
NIFTYBETA,539313
UNIAUTO,539314
VETO,539331
NAVKARCORP,539332
SHREEPUSHK,539334
CALLISTA,539335
GUJENERGY,539336
WAAREE,539337
SADBHIN,539346
SALAUTO,539353
POLYSPIN,539354
PRITIKAUTO,539359
MAHAVEER,539383
ACME,539391
VISHALBL,539398
BELLACASA,539399
MALLCOM,539400
NAKSH,539402
SATIN,539404
DITCO,539405
GENCON,539407
KUBERJI,539408
TEJNAKSH,539428
RFSL,539435
COFFEEDAY,539436
IDFCFIRSTB,539437
INDIGO,539448
IGCIL,539449
SHK,539450
ECOFINITY,539455
PANORAMA,539469
SHREEGANES,539470
GTV,539479
LICNETFN50,539480
LICNETFSEN,539487
GARBIFIN,539492
SMARTFIN,539494
RAJKOTINV,539495
ADCON,539506
QUINT,539515
HDFCNIFTY,539516
HDFCSENSEX,539517
UDAYJEW,539518
TAVEXIA,539519
GROVY,539522
ALKEM,539523
LALPATHLAB,539524
SCTL,539526
CREATIVE,539527
AAYUSH,539528
ELITECON,539533
LUXIND,539542
APOORVA,539545
AGRIBIO,539546
NH,539551
DHVIJAFIN,539552
DEEPAI,539559
SUPHA,539561
AARNAV,539562
SHIVA,539593
MISHTANN,539594
DELTA,539596
AMPL,539598
KEL,539599
BLUECLOUDS,539607
KEIL,539620
PRECAM,539636
TEAMLEASE,539658
KAMATS,539659
BESTAGRO,539660
ACEMEN,539661
BFLAFL,539662
RGF,539669
RCL,539673
QUICKHEAL,539678
KAPILRAJ,539679
MOBAVENUE,539682
KPEL,539686
IFINSER,539692
HILIKS,539697
HYPERSOFT,539724
GOKULAGRO,539725
FREDUN,539730
SIMBHALS,539742
RELICAB,539760
VKAL,539761
MEAPL,539762
MNIL,539767
DARJEELING,539770
ADVIKCA,539773
LICNFNHGP,539784
PDMJEPAPER,539785
HCG,539787
UMIYA,539798
BHARATWIRE,539799
CHDCHEM,539800
CCAVENUE,539807
LELAVOIR,539814
BALGOPAL,539834
SUPERIOR,539835
RPEL,539837
LANCER,539841
NINSYS,539843
HALDER,539854
THYROCARE,539871
BAJAJHCARE,539872
RSDFIN,539875
CROMPTON,539876
DARSHANORNA,539884
PARAGMILK,539889
MADHAVIPL,539894
SPICELOUNG,539895
DIDL,539900
SNIM,539911
SEIL,539921
RGIL,539922
MIL,539938
YASHCHEM,539939
NV20IETF,539945
BAZELINTER,539946
JLL,539947
TAALTECH,539956
MGL,539957
ZEAL,539963
QUESS,539978
DIGJAMLMTD,539979
MIDSELIETF,539980
TITAANIUM,539985
COMSYN,539986
CFEL,539991
LLOYDSENGG,539992
KPL,539997
LTM,540005
EASTWEST,540006
BSLSENETFG,540008
COLORCHIPS,540023
ADVENZYMES,540025
LAHL,540026
DBL,540047
SPAL,540048
BIGBLOC,540061
RBLBANK,540065
BLS,540073
MITSU,540078
SPRAYKING,540079
DHATRE,540080
TVVISION,540083
GAMCO,540097
LTTS,540115
GNA,540124
RADHIKAJWE,540125
SIIL,540132
ICICIPRULI,540133
ARCFIN,540135
HPL,540136
SAGARSOFT,540143
VALIANTORG,540145
SHASHIJIT,540147
ENDURANCE,540153
PURPLE,540159
SUPRAPFSL,540168
PNBHOUSING,540173
SOUTHERNIN,540174
REGENCY,540175
VBL,540180
SALEM,540181
FRANKLININD,540190
LKPSEC,540192
OSIAJEE,540198
CMBL,540199
SFL,540203
EIKO,540204
AVL,540205
HEADSUP,540210
TCIEXP,540212
LAURUSLABS,540222
NEWLIGHT,540243
VSL,540252
MTPL,540254
SHANGAR,540259
GLCL,540266
FLORACORP,540267
TRU,540268
SKL,540269
PRICOLLTD,540293
CFL,540310
JITFINFRA,540311
TANVI,540332
RMC,540358
LLFICL,540360
DANUBE,540361
RADIOCITY,540366
DMART,540376
IFL,540377
ONTIC,540386
SMLT,540393
CHEMCRUX,540395
MANOMAY,540396
MAXIMUS,540401
CLEDUCATE,540403
PRIMEFRESH,540404
OCEANIC,540405
SHANKARA,540425
ESCORP,540455
CLFL,540481
STARLENT,540492
SCHAND,540497
KANUNGO,540515
MEERA,540519
IRBINVIT,540526
HUDCO,540530
PSPPROJECT,540544
GKL,540545
INDIGRID,540565
VARIMAN,540570
STARCEMENT,540575
RIDDHICORP,540590
TEJASNET,540595
ERIS,540596
CONTAINER,540597
GTPL,540602
AUBANK,540611
LOWVOLIETF,540612
GEL,540613
7NR,540615
SALASAR,540642
PALASHSECU,540648
AVADHSUGAR,540649
MAGADSUGAR,540650
GSTL,540654
NEXT50BETA,540669
SIS,540673
COCHINSHIP,540678
HALEOSLABS,540679
KIOCL,540680
SMRUTHIORG,540686
ABCAPITAL,540691
APEX,540692
SHISHIND,540693
ANG,540694
KCDGROUP,540696
DIXON,540699
BRNL,540700
DCAL,540701
PROCLB,540703
MATRIMONY,540704
RHFL,540709
CAPACITE,540710
ICICIGI,540716
PQIF,540717
AAYUSHBULL,540718
SBILIFE,540719
DIAMONDYD,540724
SHAREINDIA,540725
TTFL,540726
POOJA,540727
SAYAJIIND,540728
MEHAI,540730
IRIS,540735
SGRL,540737
STL,540738
GODREJAGRO,540743
MASFIN,540749
IEX,540750
GICRE,540755
SCPL,540757
TIINDIA,540762
NAM-INDIA,540767
MAHLOG,540768
NIACL,540769
IFGLEXPOR,540774
KHADIM,540775
5PAISA,540776
HDFCLIFE,540777
SHARIKA,540786
ICICIB22,540787
ASPIRA,540788
DNAMEDIA,540789
DYCL,540795
SHALBY,540797
MRCAGRO,540809
DML,540811
CRYSTAL,540821
ASTRON,540824
CHANDRIMA,540829
7SEASL,540874
APOLLO,540879
NEWGEN,540900
PRAXIS,540901
AMBER,540902
TIRUFOAM,540904
SRUSTEELS,540914
ASHOKAMET,540923
GALAXYSURF,540935
GGL,540936
MEDICO,540937
LAL,540952
KENVI,540953
IWP,540954
TDSL,540955
BHATIA,540956
SHIVAMILLS,540961
ASTERDM,540975
YSL,540980
HGINFRA,541019
INFLAME,541083
BPLPHARMA,541096
LIQUIDETF,541097
BDL,541143
ACTIVE,541144
GOYALALUM,541152
BANDHANBNK,541153
HAL,541154
DHARAN,541161
SANDHAR,541163
YASHO,541167
MIDHANI,541195
OBCL,541206
TRL,541228
LEMONTREE,541233
CHEMFAB,541269
HARDWYN,541276
INTERISE,541300
ORIENTELEC,541301
DHRUV,541302
AKSHAR,541303
INDOUS,541304
BSE500IETF,541313
INDOSTAR,541336
MILEFUR,541337
UHZAVERI,541338
PARVATI,541347
INNOVATORS,541353
UCIL,541358
ZIMLAB,541400
AFFORDABLE,541402
DOLLAR,541403
NGIL,541418
PALMJEWELS,541444
WAA,541445
ADANIGREEN,541450
SOLARA,541540
GAYAHWS,541546
RITES,541556
FINEORG,541557
VARROC,541578
RAJNISH,541601
GUJWIND,541627
RAWEDGE,541634
ASHNI,541702
HDFCAMC,541729
VIVANTA,541735
FRATELLI,541741
CREDITACC,541770
AMINTAN,541771
DEEP,541778
SMEL,541799
NEXT50IETF,541809
ASRL,541865
SPACEINCUBA,541890
SGIL,541929
LIQUIDIETF,541946
IRCON,541956
SKYGOLD,541967
SETFSN50,541972
MACH,541973
MANORAMA,541974
AAVAS,541988
GRSE,542011
A1L,542012
DOLFIN,542013
SHUBHAM,542019
AKI,542020
SUNRETAIL,542025
SMGOLD,542034
VIVIDM,542046
BCPL,542057
ATGL,542066
PHOSPHATE,542123
NIFTYETF,542131
TECHNOE,542141
SKIFL,542146
ARYAN,542176
NIVAKA,542206
DALBHARAT,542216
ABSLNN50ET,542230
NILASPACES,542231
SRD,542232
TREJHARA,542233
DECCAN,542248
AXITA,542285
KPIGREEN,542323
HIKLASS,542332
RPSGVENT,542333
SPENCERS,542337
GLOSTERLTD,542351
XELPMOC,542367
RITCO,542383
CHALET,542399
ANMOL,542437
JONJUA,542446
KRANTI,542459
ANUP,542460
ARVINDFASN,542484
SNXT50BETA,542513
AIHL,542524
ENERGYINF,542543
AGOL,542579
AARTECH,542580
HBEL,542592
MSTCLTD,542597
EMBASSY,542602
CHANDNIMACH,542627
NSL,542628
RVNL,542649
METROPOLIS,542650
KPITTECH,542651
POLYCAB,542652
VRFILMS,542654
VIKASLIFE,542655
NEOGEN,542665
GKP,542666
BMW,542669
AEPL,542670
MAHESH,542677
CHCL,542678
DEL,542679
HARISH,542682
PPL,542684
DGCONTENT,542685
ARL,542721
SBC,542725
INDIAMART,542726
CPML,542727
DCMNVL,542729
BANKIETF,542730
SNXT50BEES,542747
AFFLE,542752
PVTBANIETF,542758
SPANDANA,542759
SWSOLAR,542760
ALPHALOGIC,542770
360ONE,542772
IIFLCAPS,542773
MUFIN,542774
GALACTICO,542802
VEL,542803
FLUOROCHEM,542812
IRCTC,542830
GOBLIN,542850
GENSOL,542851
VISHWARAJ,542852
GREENPANEL,542857
SHAHLON,542862
ABSLBANETF,542863
ANUROOP,542865
CSBBANK,542867
UJJIVANSFB,542904
HINDWAREAP,542905
PRINCEPIPE,542907
EBBETF0430,542909
GIANLIFE,542918
ARTEMISMED,542919
SUMICHEM,542920
MIDCAPIETF,542921
NEXT50,542922
UNIVPHOTO,542933
CBPL,542934
COHANCE,543064
SMAUTO,543065
SBICARD,543066
07AGG,543071
07GPG,543079
09GPG,543092
UTCRFS2DGR,543099
UTCRFS2RGR,543110
08MPD,543144
08GPG,543150
08AGG,543153
10AGG,543161
10ARD,543165
10GPG,543167
ROJL,543171
COSPOWER,543172
11DPR,543173
11GPG,543174
11MPD,543175
11MPR,543176
11QPD,543177
11QPR,543178
11AGG,543181
11AMD,543182
11AQD,543184
11DPD,543186
POWERINDIA,543187
DJML,543193
NATURAL,543207
REGIS,543208
BILLWIN,543209
AARTISURF,543210
BONLON,543211
BOROLTD,543212
ROSSARI,543213
NDRAUTO,543214
EBBETF0431,543216
MINDSPACE,543217
SBGLP,543218
ALPL30IETF,543219
MAXHEALTH,543220
ITIETF,543221
MAXIND,543223
HDFCNIFBAN,543224
BANKBETA,543226
HAPPSTMNDS,543227
ROUTE,543228
SAMRATFORG,543229
ADVAIT,543230
ADL,543231
CAMS,543232
CHEMCON,543233
ANGELONE,543235
ATAM,543236
MAZDOCK,543237
UTIAMC,543238
LIKHITHA,543240
VGIL,543241
HEMIPROP,543242
EQUITASBNK,543243
SHINEFASH,543244
GLAND,543245
RBA,543248
TARC,543249
MOGSEC,543250
RVHL,543251
FAIRCHEMOR,543252
BECTORFOOD,543253
AWHCL,543254
INFRABEES,543255
RFLL,543256
IRFC,543257
INDIGOPNTS,543258
HOMEFIRST,543259
STOVEKRAFT,543260
BIRET,543261
MRP,543262
SMCGLOBAL,543263
NURECA,543264
RAILTEL,543265
HERANBA,543266
DAVANGERE,543267
DRCSYSTEMS,543268
MTARTECH,543270
JUBLINGREA,543271
EASEMYTRIP,543272
KMEW,543273
ANURAS,543275
CRAFTSMAN,543276
LXCHEM,543277
KALYANKJIL,543278
SURYODAY,543279
NAZARA,543280
SUVIDHAA,543281
UFBL,543283
EKI,543284
LODHA,543287
DEEPINDS,543288
PGINVIT,543290
MAFANG,543291
HEALTHIETF,543292
VINEETLAB,543298
SHYAMMETL,543299
SONACOMS,543300
DODLA,543306
KIMS,543308
IPL,543311
GRINFRA,543317
CLEAN,543318
ETERNAL,543320
TATVA,543321
ALIVUS,543322
BFSI,543323
GCSL,543324
ROLEXRINGS,543325
FMCGIETF,543326
EXXARO,543327
KRSNAA,543328
WINDLAS,543329
DEVYANI,543330
MOL,543331
EPIGRAL,543332
CARTRADE,543333
NUVOCO,543334
APTUS,543335
CHEMPLASTS,543336
SHARPLINE,543341
AASHKA,543346
ITAXIS,543347
ACUTAAS,543349
VIJAYA,543350
NBL,543351
SANSERA,543358
PREVEST,543363
MARKOLINES,543364
MASPTOP50,543365
SBLI,543366
PARAS,543367
GETALONG,543372
SVRL,543373
ABSLAMC,543374
SAMOR,543376
ADISHAKTI,543377
CWD,543378
CONSUMIETF,543383
NYKAA,543384
FINOPB,543386
SJS,543387
EQUAL50ADD,543388
SIGACHI,543389
POLICYBZR,543390
SGFRL,543391
PAYTM,543396
SAPPHIRE,543397
LATENTVIEW,543398
TARSONS,543399
OMNIPOTENT,543400
GOCOLORS,543401
DMR,543410
HITECH,543411
STARHEALTH,543412
TEGA,543413
MAHKTECH,543414
ANANDRATHI,543415
ZODIAC,543416
RATEGAIN,543417
SHRIRAMPPS,543419
JETFREIGHT,543420
MAPMYINDIA,543425
METROBRAND,543426
MEDPLUS,543427
DATAPATTNS,543428
HPAL,543433
SUPRIYA,543434
MONQ50,543437
MIDQ50ADD,543438
NIFTYADD,543440
CMSINFO,543441
BCONCEPTS,543442
WEL,543449
AUTOIETF,543450
AGSTRA,543451
SILVERIETF,543452
ALKOSIGN,543453
MAKEINDIA,543454
AWL,543458
SSTL,543461
DEVIT,543462
MANYAVAR,543463
SPITZE,543464
MOMOMENTUM,543465
SOFTTECH,543470
SILVER,543471
TECH,543472
HEALTHY,543473
BSLNIFTY,543474
GSEC5IETF,543480
MIDCAPETF,543481
EUREKAFORB,543482
GATEWAY,543489
GMRP&UI,543490
BCCL,543497
MSUMI,543498
ACHYUT,543499
EVOQ,543500
MOLOWVOL,543501
AVROIND,543512
UMAEXPORTS,543513
VERANDA,543514
SEML,543515
DHYAANITR,543516
HARIOMPIPE,543517
GLHRL,543520
NVENTURES,543522
CAMPUS,543523
RAINBOW,543524
SILVERTUC,543525
LICI,543526
PRUDENT,543527
VENUSPIPES,543528
DELHIVERY,543529
PARADEEP,543530
TIERRA,543531
ETHOSLTD,543532
EMUDHRA,543533
AETHER,543534
WEWIN,543535
MODIS,543539
PGCRL,543540
KESAR,543542
BRRL,543543
JAYANT,543544
VEERKRUPA,543545
HEALTHYLIFE,543546
DDEVPLSTIK,543547
MOHEALTH,543563
MOM30IETF,543568
HDFCNIF100,543569
HDFCNEXT50,543570
INFRAIETF,543571
SILVERADD,543572
SYRMA,543573
NIFTYQLITY,543574
MOMENTUM,543575
MOVALUE,543576
MOQUALITY,543577
RHETAN,543590
DREAMFOLKS,543591
HDFCSILVER,543592
DBOL,543593
DPL,543594
EPBIO,543595
TMB,543596
VOEPL,543597
KSOLVES,543599
HARSHA,543600
HDFCQUAL,543605
CONTAINE,543606
HDFCGROWTH,543607
HDFCVALUE,543608
MAFIA,543613
TIPSFILMS,543614
SRSOLTD,543615
TLL,543616
CNCRD,543619
INA,543620
VEDANTASSET,543623
EMIL,543626
HDFCLOWVOL,543627
HDFCMOMENT,543628
PPLPHARMA,543635
DCI,543636
TRACXN,543638
NARMADA,543643
INFOBEAN,543644
HPIL,543645
DCXINDIA,543650
FUSION,543652
BIKAJI,543653
MEDANTA,543654
ACI,543657
FIVESTAR,543663
KAYNES,543664
HDFCNIFIT,543665
HDFCPVTBAN,543666
INOXGREEN,543667
BBTCL,543668
RUSTOMJEE,543669
VINNY,543670
AAATECH,543671
FINIETF,543677
AMBOAGRI,543678
SIRCA,543686
DHARMAJ,543687
SARVESHWAR,543688
UNIPARTS,543689
EBBETF0433,543699
GSEC10IETF,543700
GARGI,543709
COMMOIETF,543710
SULA,543711
AFSL,543712
DRONACHRYA,543713
LANDMARK,543714
KFINTECH,543720
ELIN,543725
RADIANTCMS,543732
BANKADD,543738
AERONEU,543743
LOGICA,543746
KAMOPAINTS,543747
AARTIPHARM,543748
TRANSVOY,543754
EARTH,543765
ASHIKAG,543766
BTML,543767
NSLNISP,543768
INDONG,543769
HDFCBSE500,543774
HDFCSML250,543775
HDFCMID150,543776
GOLDETF,543781
SEALMATIC,543782
ROBU,543787
SVJ,543799
RESGEN,543805
ITCONS,543806
AIRAN,543811
DIVGIITTS,543812
ABSLLIQUID,543813
PCL,543814
PSUBNKIETF,543819
SUDARSHAN,543828
GSLSU,543829
BRIGHT,543831
DEVLAB,543848
SENSEXAXIS,543853
JAFINANCE,543860
USK,543861
MAIDEN,543874
EXHICON,543895
AVALON,543896
BLAL,543898
CUBEINVIT,543899
SILVERBETA,543900
RHL,543901
RETINA,543902
GOLDADD,543903
MANKIND,543904
AVG,543910
ATALREAL,543911
PIGL,543912
NXST,543913
SWATIPRO,543914
PAVNAIND,543915
HSIL,543916
SIGMA,543917
GHCLTEXTIL,543918
MKPL,543919
CFF,543920
COMRADE,543921
SILVERAG,543922
IKIO,543923
SONALIS,543924
BIZOTIC,543926
ASIAN,543927
COSMICCRF,543928
HMAAGRO,543929
URAVIDEF,543930
VEEFIN,543931
IDEAFORGE,543932
CYIENTDLM,543933
MACIND,543934
ITADD,543935
SENCO,543936
KAKA,543939
JIOFIN,543940
AHASOLAR,543941
UTKARSHBNK,543942
ASARFI,543943
BANKETF,543944
NETWEB,543945
LIQUID,543946
SENSEXADD,543947
PSUBANKADD,543948
PVTBANKADD,543949
YATHARTH,543950
NIITMTS,543952
KHAZANCHI,543953
ATL,543954
TREL,543955
QUAL30IETF,543956
REDTAPE,543957
VLEGOV,543958
SBFC,543959
CONCORDBIO,543960
DPWIRES,543962
SHELTER,543963
TVSSCS,543965
PYRAMID,543969
SHOORA,543970
BONDADA,543971
AEROFLEX,543972
VPRPL,543974
SHRAAITECH,543976
RISHABH,543977
RATNAVEER,543978
KAHAN,543979
JLHL,543980
RRKABEL,543981
QUESTFLOW,543982
EMSLIMITED,543983
SAMHI,543984
ZAGGLE,543985
SOUTHWEST,543986
NUVAMA,543988
KALAMANDIR,543989
SIGNATURE,543990
TECHKGREEN,543991
YATRA,543992
ARCL,543993
JSWINFRA,543994
MVGJL,543995
UDS,543996
ORGANICREC,543997
VALIANTLAB,543998
SENSEXETF,543999
CCAL,544000
SUNITATOOL,544001
PLAZACABLE,544003
IRMENERGY,544004
ITETF,544006
ALPHAETF,544007
MAXESTATES,544008
BLUEJET,544009
VPL,544011
CELLO,544012
KKSHL,544013
HONASA,544014
MISHDESIGN,544015
ESAFSFB,544020
PROTEAN,544021
ASKAUTOLTD,544022
KALYANI,544023
ARROWHEAD,544025
IREDA,544026
FEDFINA,544027
TATATECH,544028
GANDHAR,544029
FLAIR,544030
SPL,544035
DEEPAKCHEM,544036
AMIC,544037
BAJEL,544042
BBNPPGOLD,544043
INDIASHLTR,544044
DOMS,544045
INOXINDIA,544046
SIYARAM,544047
BENCHMARK,544052
MOTISONS,544053
SURAJEST,544054
MUTHOOTMF,544055
HAPPYFORGE,544057
MUFTI,544058
SHANTIDENM,544059
RBZJEWEL,544060
AZAD,544061
SUNCLAY,544066
INNOVACAP,544067
AIKPIPES,544072
MCPL,544073
SBVCL,544074
DIGIDRIVE,544079
SHILINDORE,544080
JYOTICNC,544081
MEDIASSIST,544088
LIQUIDCASE,544089
SHPLPUNE,544090
QLL,544091
NIFTYBETF,544092
BANKBETF,544093
EPACK,544095
NOVAAGRI,544100
ITBETA,544102
MCFL,544106
BLSE,544107
HEALTHADD,544109
HDFCPSUBK,544110
PARKHOTELS,544111
JGTL,544112
SIGNPOST,544117
JSFB,544118
RPTECH,544119
CAPITALSFB,544120
RUDRAGAS,544121
ENTERO,544122
LICNMID100,544123
VSTL,544124
JUNIPER,544129
SMALLCAP,544130
GPTHEALTH,544131
GOLDCASE,544132
EXICOM,544133
PLATIND,544134
MUKKA,544135
RKSWAMY,544136
INDUSINVIT,544137
JGCHEM,544138
KOURA,544139
GOPAL,544140
PESB,544141
SCILAL,544142
ROYAL,544143
PVSL,544144
KRYSTAL,544149
KPGEL,544150
CHATHA,544151
GCONNECT,544156
SRM,544158
LIQUIDADD,544159
JAYKAILASH,544160
DPABHUSHAN,544161
BHARTIHEXA,544162
GVL,544163
FAALCON,544164
SHIVAM,544165
EMMFORCE,544166
JNKINDIA,544167
AMKAY,544169
DKUAL,544170
STAL,544171
INDGN,544172
FTL,544173
TBOTEK,544174
TGIF,544175
AADHARHFC,544176
AZTEC,544177
GODIGIT,544179
MIDSMALL,544180
AWFIS,544181
LIQUIDBETF,544182
ASSOCIATED,544183
BOROSCI,544184
ADTECH,544185
TOTEM,544186
KRONOX,544187
MAGENTA,544188
SATTRIX,544189
PURPLEFIN,544191
IXIGO,544192
MID150CASE,544193
TOP100CASE,544194
COTFAB,544195
RETAIL,544197
DEEDEV,544198
GEMENVIRO,544199
AFIL,544200
DFPL,544201
STANLEY,544202
ABDL,544203
VRAJ,544204
NPL,544205
SBISILVER,544206
RELIABLE,544207
BANSALWIRE,544209
EMCURE,544210
EVINDIA,544212
ACLD,544213
THREEMPAPE,544214
SBINEQWETF,544215
OILIETF,544216
SANSTAR,544217
ABSLPSE,544218
VVIPIL,544219
KIZI,544221
AKUMS,544222
CEIGALL,544223
AFCOM,544224
OLAELEC,544225
FIRSTCRY,544226
UNIECOM,544227
METALIETF,544229
SSDL,544230
INTERARCH,544232
MFML,544233
ORIENTTECH,544235
PREMIERENE,544238
ECOSMOBLTY,544239
RAYMONDLSL,544240
MULTICAP,544241
TRAVELS,544242
STYLEBAAZA,544243
GALAPREC,544244
NHL,544245
RVTH,544246
TOP10ADD,544247
MACHLTD,544248
BALAJEE,544249
SANOFICONR,544250
SSL,544251
BAJAJHFL,544252
KROSS,544253
TOLINS,544254
PNGJL,544256
SAFE,544257
WCIL,544258
PFL,544259
NORTHARC,544260
ARKADE,544261
MANBA,544262
KRN,544263
DIFFNKG,544264
SUBAM,544267
METAL,544268
KGVL,544270
GARUDA,544271
SHIVTEXCHEM,544272
MGEL,544273
HYUNDAI,544274
VAL30IETF,544275
DBEIL,544276
WAAREEENER,544277
OCCLLTD,544278
GODAVARIB,544279
AFCONS,544280
ABINFRA,544281
SAGILITY,544282
ACMESOLAR,544283
LIQUIDPLUS,544284
SWIGGY,544285
NIVABUPA,544286
BLACKBUCK,544288
NTPCGREEN,544289
EIEL,544290
RAJESH,544291
ONESOURCE,544292
SURAKSHA,544293
ROSSTECH,544294
NISUS,544296
ODIGMA,544301
INNOVANA,544302
TTC,544303
JUNGLECAMP,544304
MOBIKWIK,544305
SAILIFE,544306
VMM,544307
HILLTONE,544308
IKS,544309
YASHHV,544310
IGIL,544311
NACDAC,544313
SANATHAN,544314
CEWATER,544315
DAMCAPITAL,544316
TRANSRAILL,544317
MAMATA,544318
SENORES,544319
CARRARO,544320
VENTIVE,544321
UNIMECH,544322
CONSUMER,544323
ITCHOTELS,544325
ECAPINSURE,544326
TECHNICHEM,544327
INDOFARM,544328
VANDU,544329
PARMESHWAR,544330
DAVIN,544331
FABCLEAN,544332
SETL,544333
INDOBELL,544334
BRGIL,544335
QUADFUTURE,544336
AVAX,544337
CAPINVIT,544338
LAXMIDENTL,544339
RIKHAV,544340
LGLL,544341
STALLION,544342
CNINFOTECH,544343
SHRIPISTON,544344
DENTA,544345
RRECL,544346
CLN,544347
GBLOGISTIC,544348
HMEML,544349
AGARWALEYE,544350
MALPANI,544351
AMWILL,544353
SOLARIUM,544354
JUBLCPL,544355
AJAXENGG,544356
COVANCE,544361
HEXT,544362
BAJAJINDEF,544364
SHANMUGA,544365
QPOWER,544367
SWASTH,544368
BEEZAASAN,544369
VIKRAMAR,544371
NAPSGLOBAL,544373
GOLD360,544375
SELECTIPO,544376
EQUAL200,544377
PRABHA,544379
CASHIETF,544380
SUPERIRON,544381
VALUEAXIS,544382
PPARIVAH,544383
SILVERCASE,544384
SBIBPB,544385
SPECTRUM,544386
DESCO,544387
SILVER360,544389
ENRIN,544390
INFONATIVE,544393
EVIETF,544394
STLNETWORK,544395
NPST,544396
ATHERENERG,544397
KENRIK,544398
SRIGEE,544399
MANOJJEWEL,544400
JASH,544402
ABLBL,544403
BORANA,544404
BELRISE,544405
UNIFIED,544406
AEGISVOPAK,544407
THELEELA,544408
ASTONEALAB,544409
PROSTARM,544410
SCODATUBES,544411
DIGITIDE,544413
BLUSPRING,544414
SNXT30BEES,544415
KRISHIVAL,544416
OSWALPUMPS,544418
ARIS,544419
RAYMONDREL,544420
ELLEN,544421
ABRFL,544422
KALPATARU,544423
GLOBECIVIL,544424
AJCJEWEL,544425
ICON,544426
TOP15IETF,544427
SEVL,544428
HDBFS,544429
SAMBHV,544430
ACEALPHA,544431
IGCL,544432
VALINDIA,544433
NEETUYOSHI,544434
ADCOUNTY,544435
VANDAN,544436
INTERNET,544438
CRIZAC,544439
CRYOGENIC,544440
METAINFO,544441
CHEMKART,544442
TRAVELFOOD,544443
GLEN,544444
APL,544445
ADVENTHTL,544446
SMARTWORKS,544447
PASHUPATI,544448
ANTHEM,544449
CHEMBONDCH,544450
SWASTIKAAL,544452
MSECL,544453
INDIQUBE,544454
EBGNG,544455
RMDRIP,544456
BRIGHOTEL,544457
SHREEREF,544458
SHANTIGOLD,544459
PATELCHEM,544460
REPONO,544463
UML,544464
LAXMIINDIA,544465
CPPLUS,544466
NSDL,544467
BDI,544468
LOTUSDEV,544469
MBEL,544470
GROWWPOWER,544473
BLT,544474
ESSEX,544475
JSLL,544476
HILINFRA,544477
SBILIQETF,544478
ALLTIME,544479
JSWCEMENT,544480
KRT,544481
STARIMAGIN,544482
ICODEX,544483
BLUESTONE,544484
REGAAL,544485
LTGILTCASE,544486
PATELRMART,544487
VIKRAMSOLR,544488
LGT,544489
SHREEJISPG,544490
GEMAROMA,544491
MEIL,544492
NISMGMT,544495
VIKRAN,544496
AHCL,544497
OVAL,544498
CPEDU,544499
SUGSLLOYD,544501
AMANTA,544502
RACHIT,544503
GOELCONS,544504
AUSTERE,544505
SML100CASE,544507
KRUPALU,544509
NCML,544510
KARBON,544511
SHRINGARMS,544512
DEVX,544513
CITYSQUARE,544514
URBANCO,544515
AIRFLOA,544516
BUILDPRO,544517
LTELEVATOR,544518
EUROPRATIK,544519
SAMPAT,544520
VMSTMT,544521
ABCOTS,544522
IVALUE,544523
JDCABLES,544524
GKENERGY,544525
SAATVIKGL,544526
ATLANTAELE,544527
GANESHCP,544528
APPL,544529
ARSSBL,544530
TRUECOLORS,544531
SOLARWORLD,544532
STYL,544533
JARO,544534
BHARATROHAN,544535
WEALTH,544536
JAINREC,544537
PRARUH,544538
EPACKPEB,544540
SYSTEMATIC,544541
JUSTO,544542
BMWVENTLTD,544543
TELGE,544544
TRUALT,544545
CHTR,544546
JKIPL,544547
GPAPL,544548
EARKART,544549
PACEDIGITK,544550
KVSCASTING,544554
AMEENJI,544555
GLOTTIS,544557
FABTECH,544558
OML,544559
SODHACAP,544560
CHIRAHARIT,544561
ADVANCE,544562
ZELIO,544563
OMFREIGHT,544564
VALPLAST,544565
INFINITY,544567
ZAPPFRESH,544568
TMCV,544569
WEWORK,544570
SKFINDUS,544572
ELIQUID,544573
TATACAP,544574
MITTALSTL,544575
LGEINDIA,544576
WORTHPERI,544577
RUBICON,544578
ANANTAM,544579
CRAMC,544580
FLEXIADD,544581
SHLOKKA,544582
CANHLIFE,544583
SKM,544584
SIHORA,544585
NIFTYCASE,544586
MIDWESTLTD,544587
ORKLAINDIA,544595
SAFECURE,544596
PIRAMALFIN,544597
ACCURACY,544598
STUDDS,544599
LENSKART,544600
CHOICEGOLD,544601
AGL,544602
GROWW,544603
ENERGY,544604
SMALL250,544605
PINELABS,544606
SHTL,544607
EMMVEE,544608
PWL,544609
WORKMATES,544610
MAHALIFE,544611
TENNIND,544612
UTLSOLAR,544613
CAPILLARY,544614
KSR,544615
GALLARD,544616
EXCELSOFT,544617
SUDEEPPHRM,544619
KWIL,544622
MNFL,544623
KKSILK,544624
LOGICIEL,544625
EXATO,544626
PURPLEWAVE,544627
ASTRONMULT,544628
RAVEL,544629
CNL,544631
MEESHO,544632
VIDYAWIRES,544633
AEQUS,544634
METHODHUB,544637
GOLDBND,544638
SILVERBND,544639
KVTOYS,544641
WAKEFIT,544642
PRODOCS,544643
CORONA,544644
PARKHOSPS,544645
SHIPWAVES,544646
NEPHROPLUS,544647
SMALLADD,544654
MIDCAPADD,544655
HRS,544656
PAJSON,544657
ICICIAMC,544658
STANBIK,544659
TOP20,544660
DIVIDEND,544661
SIMANDHAR,544662
NEPLOG,544663
KSHINTL,544664
GLOBALLOG,544665
GKSL,544666
DACHEPALLI,544667
NANTA,544668
ADMACH,544669
BAIKAKAJI,544670
ATIL,544671
MDRC,544673
GTIL,544675
YAJUR,544676
DEFRAIL,544677
BHARATCOAL,544678
AMAGI,544679
INDOSMC,544681
GRERENEW,544682
DIGILOGIC,544684
SHADOWFAX,544685
HANNAH,544687
KANISHK,544693
MSAFE,544695
AYE,544699
FRACTAL,544700
HEALTHCARE,544701
DCMSIL,544702
DSFCL,544703
INFRA,544704
DEFENCE,544705
YASHHTEJ,544708
GAUDIUMIVF,544709
ACCORDTS,544710
KIAASA,544711
SRTL,544716
CLEANMAX,544717
PNGSREVA,544718
OMNI,544720
GROWWHOSPI,544721
SBIMIDMOM,544722
SEDEMAC,544723
ELFIN,544724
BANK10ADD,544725
KOTYARK,544726
RSL,544731
INNOVISION,544732
GSPCROP,544733
RIIT,544734
NOVUS,544735
VALUE,544737
SPML,544738
CMPDI,544739
TIPCO,544740
HIGHNESS,544741
SAIPARENT,544742
AEROPLANE,544743
POWERICA,544744
SBINMID150,544745
SCDL,544746
EMIAC,544747
ONEPOINT,544748
OMPOWER,544750
MTL,544751
CITIUSINVT,544753
KISSHT,544754
RECODE,544755
UNITEDPOLY,544756
BSHSL,544757
BAGMANE,544758
GLPL,544759
FMCGADD,544760
SBIVALETF,544762
SBISMLETF,544763
MWL,544764
VPAL,544765
MSCI360,544766
AFLTD,544767
MANIVENI,544768
HARIKANTA,544769
YAASHVI,544770
RFIL,544771
AUREATE,544772
MRTX,544773
SMR,544774
CMRGREEN,544777
VAHH,544778
UHMVL,544779
VAML,544780
VEDPOWER,544781
VOGL,544782
E2E,544783
VISL,544784
HEXAGON,544785
SELECTRIC,544786
SUSAN,544793
HORIZON,544794
SMALLIETF,544795
LIOTECH,544796
LESL,544797
DIKSHA,544798
TURTLEMINT,544799
ANUBHAV,544800
CORDELIA,544802
RAMBHAJO,544803
CSM,544806
CRAZY,544807
AASTHA,544808
ADON,544809
SILL,544810
KRATIKAL,544811
ATHARVA,544812
SEEMAX,544813
KNACK,544814
KUSUMGAR,544821
LASERPOWER,544822
DEVSON,544823
ALPINETEX,544825
MILLWORKS,544826
BANK10BETF,544827
SBIFUNDS,544829
MOMMIDCAP,544830
MEEIND,544831
SOTEFIN,544832
CMLL,544833
GULFLLOYDS,544834
MALA,544835
INDOMIM,544837
XTRANET,544838
LCL,544839
SSPRL,544840
HYBRIDETF,544841
HDFCNIMEG,544842
ADVANCETL,544843
PPEL,544844
INSUREIETF,544845
ELMDIV,544846
MANIPALHOS,544847
HRHYGIENE,544848
EBANK10,544849
MVELECTRO,544851
ONEINDIG,544852
JNPR,544853
DHAVAL,544854
PRIMAINNO,544855
KLASSROOM,544856
AEGEUS,544858
GVELECTRIC,544859
ARDEE,544860
SWARAJ,544861
SOLEX,544862
LAPL,544863
TECHNOCRAF,544864
LEAPIND,544865
MOLBIO,544866
DHOOTTRANS,544867
MILKYMIST,544868
SHAMFOAM,544869
BLEL,544870
SHIPROCKET,544871
QTFOODS,544872
NIFTYJBLK,544873
LARGEMID50,544874
ENS,544876
TECHNOCRAT,544877
IVZSENSEX,544878
LALITHAA,544879
HORIZONIND,544880
SUNSHINE,544881
SHANKESH,544882
MOPSHOP,544883
DHANWEL,544884
GAJA,544885
TEMPSENS,544886
NIF500BETA,544887
AUGMONT,544888
SYMBIOTEC,544889
SKYWAYS,544890
HTEL,544891
ENERGYAXIS,544892
ANNU,544893
LUMINO,544894
KWICK,544895
PALUCK,544897
ESDS,544898
PRIORITY,544899
CSML,544900
PERNIASPOP,544901
PHYCHEM,544902
DEEPA,544903
FLYHI,544904
MOMSBELIEF,544906
DOLLEX,544908
PRANAV,544909
APANA,544910
KANOHAR,544911
PRASOLCHEM,544912
GLASSWALL,544913
STEAMHOUSE,544914
RENTOMOJO,544915
MPIMANIPAL,544916
KARAMTARA,544917
LCCPROJECT,544918
INFRAX,544919
AMTECH,544920
ARCIL,544921
OMG,544922
VEEGALAND,544923
RAKSAN,544924
SPEEDEX,544925
PANCHATV,544926
SECLEDBETA,544927
SENSEXIETF,555555
FELDVR,570002
JISLDVREQS,570004
GATECHDVR,570005
KARURVYSYA,590003
VEEDOL,590005
AMRUTANJAN,590006
XPROINDIA,590013
HISARMETAL,590018
BHARATRAS,590021
EASTSILK,590022
FACT,590024
GINNIFILA,590025
SPIC,590030
DENORA,590031
KAVDEFENCE,590041
SAKSOFT,590051
SALONA,590056
EQUIPPP,590057
ANDHRSUGAR,590062
IMPAL,590065
KCP,590066
KHAITANLTD,590068
RADAAN,590070
SUNDARMFIN,590071
WHEELS,590073
LAMBODHARA,590075
MAITHANALL,590078
ORISSAMINE,590086
GOLDBEES,590095
LIQUIDBEES,590096
GOLD1,590097
SETFGOLD,590098
QGOLDHALF,590099
GOLDBETA,590101
NIFTYBEES,590103
JUNIORBEES,590104
BANKBEES,590106
PSUBANK,590107
PSUBNKBEES,590108
SHARIABEES,590109
QNIFTY,590110
HNGSNGBEES,590113
MOM50,590115
MADRASFERT,590134
BANKNIFTY1,590136
SETFNIFBK,590137
SETFNIF50,590138
LIQUID1,590139
TATAGOLD,590140
ITBEES,590141
PHARMABEES,590142
LTGILTBEES,590143
MID150BEES,590144
SILVERBEES,590145
MOGOLD,590146
MOSILVER,590147
MOSMALL250,590148
MOCAPITAL,590149
MOREALTY,590150
MOMENTUM50,590151
MODEFENCE,590152
MONIFTY500,590153
ALPHA,590154
GROWWSLVR,590155
GROWWGOLD,590156
GROWWDEFNC,590157
GROWWRAIL,590158
GROWWLIQID,590159
NETF,590160
TATSILV,590161
QDLCCPS,710058
MANOJ-RE,751132
SALEM-RE,751141
INDRA-RE,751142
92GS2030,800177
SGBOCT26,800288
SGBDEC26,800290
SGBJUN27,800295
SGBAUG27,800297
726GS2029,800310
SGBDC27VII,800312
SGBFEB28IX,800314
SGBAPR28I,800318
SGBJUN28,800322
SGBJUL28IV,800324
SGBAUG28V,800325
SGBSEP28VI,800327
SGBOC28VII,800328
SGBJAN29IX,800331
SGBJAN29X,800332
SGBFEB29XI,800333
676GS2061,800334
SGBMR29XII,800339
SGBMAY29I,800340
SGBJUN29II,800341
SGBAUG29V,800385
SGBSEP29VI,800386
GS15JUN29C,800428
SGBNV29VII,800434
SGBD29VIII,800437
SGBJAN30IX,800438
SGBMAR30X,800439
754GS2036,800441
736GS2052,800452
SGBAUG30,800488
74GS2062,800489
GS19SEP2058,800517
SGBDE30III,800573
741GS2036,800574
SGBMAR31IV,800575
SGBJUN31I,800580
725GS2063,800588
SGBSEP31II,800596
718GS2037,800598
718GS2033,800599
SGBDE31III,800603
SGBFEB32IV,800605
734GS2064,800607
709GOI54,800618
709GOI74,800807
690GOI65,800808
724GOI55,800809
743GOI2076,800815
771GOI2066,800816
182T140127,805242
91TB051126,805250
91TB271126,805259
76GJ32,810911
759TNSDL41,811144
790MPSDL56,811149
APLABPP,890217
SURAJINDPP,890226
ATLPP,890228
VERTEXPP,890234
GSAILPP,890238
753IRFC30,935574
750IRFC35,935576
764HUDCO31,935642
769NHAI31,935666
769HUDCO31,935674
888ECL28,936130
925ECL28,936132
975JMFCS28,936224
981JMFCS28,936386
93MMFSL27,936412
95MMFSL29,936416
898LTF29,936532
MHLZC26,936656
104ECL29A,936724
MFLZC26A,936744
865TCAPS27,936810
104ECL29,936977
865LTF26,937017
MVAF27,937169
953EFSL31,937345
7PFCL31,937373
683PFCL31,937377
697PFCL36,937381
715PFCL36,937385
10IIFL28A,937453
MFLVI31F,937469
82IGT31,937537
797IGT31,937541
9PFL31A,937581
10IIFL28,937619
96IIFL28,937621
93EFSL31,937637
820JMFPL26,937707
791JMFPL26,937709
842IIFL26,937721
915EFSL26A,937799
955EFSL26B,937801
EFSL26A,937803
97EFSL31A,937807
MFLZC27A,937895
915NIDO27,937999
955NIDO27,938001
NIDO27,938003
970NIDO32,938007
916NWIL27,938105
935EFSL27,938212
965EFSL32,938218
10CAGL27,938278
MFLZC27,938294
115CCIL28,938330
95KFL27,938348
967EFSL28D,938364
1030SFIL28,938414
1015SCL28A,938486
890SFIL23A,938512
967EFSL28,938524
10EFSL33,938530
MFL26Z,938576
1025SFL28,938604
967EFS28,938658
10EFS33,938664
970CAGL28,938742
888SCL25E,938850
10KFL27,938862
920EFSL26A,938898
EFSLZC26C,938902
967EFSL28A,938904
1015SCL28,938986
1030IFSL26,939010
1003ISFL28,939054
1050MML28,939090
960EFSL27,939192
967EFSL29,939196
1150IML29,939264
1025SFL29,939276
958NIDO27,939297
1026NIDO34,939309
948SCL27,939355
10KFL28A,939427
958NHFL27,939583
1026NHFL34,939595
957EFSL27,939617
1004EFSL29,939623
EFSL26724A,939627
1049EFSL34,939631
10KFL27A,939649
104SMCGS29,939657
1025KFL29,939659
1125MML27,939711
965AEL27,939727
956AEL29,939731
99AEL29,939733
965MFCL30,939743
1010MFCL30,939751
990SCL27B,939775
1030ICFL27,939807
1025UCL26A,939835
EFSL241024,939841
11EFSL34B,939859
945MFCL29A,939867
IML8112024,939901
10KFL27C,939963
950EFSL27,940097
957EFSL28,940101
1004EFSL30,940107
1025KFL30,940273
930IIFL27,940293
975IIFL28,940299
1015UCL27,940311
SMCGS24425,940323
1003SMCG30,940325
1049EFS35F,940347
10MML28A,940357
1050MML30,940361
12CCIL30D,940415
CCIL20625G,940421
10NHFL28B,940429
1025NHFL35,940439
MFCL16725,940459
885AEL28,940471
915AEL28,940473
930AEL30,940479
935EFSL28,940501
1025EFSL30,940511
1003EFSL35,940517
1050EFSL35,940519
1150IFL28,940605
IFL200825A,940611
IFL200828C,940619
SFL290825E,940631
925MML27,940637
105MML30,940643
935NHFL28,940649
975NHFL28,940651
NHFL100925,940653
980NHFL30,940655
1050NHFL35,940663
9EFSL27A,940665
912EFSL28,940669
958EFSL30,940675
10EFSL30,940677
980EFSL35,940681
1025EFSL35,940683
8SMC29,940685
8SMC30,940687
89CGCL28,940693
1025IML28,940709
1125IML30,940713
IML301025D,940715
SGSL301025,940719
98SGSL30,940725
1025SGSL30,940727
1150ICLF28,940763
ICL021225,940777
EFS121225,940787
944EFSL30,940789
KAF161225A,940817
95MML27,940821
125PCL28,940837
13PCL30A,940841
860AEL28,940843
862AEL31,940853
890AEL31,940855
91MFL32,940872
MFL120226,940874
9KFL2029,940886
KFL20226C,940896
10ICLFL27,940898
1150ICLF31,940904
ICLFL23226,940906
9IIFL31,940943
IIFL060326,940945
13PCL31,940955
CCIL180326,940967
CCIL18326A,940969
837MFL28A,940991
852MFL29A,940993
MFL250326C,941013
10ICLFL027,941015
115ICLFL31,941021
880CGCL29,941037
915CGCL29,941039
879MFL31,941051
885MFL28A,941055
1050MML27,941087
MML120626,941089
MML120626A,941093
EFSL160626B,941115
1275PCL31,941125
851MFL2028,941127
885MFL2028,941135
9MFL2029,941137
MFL070726,941143
1025CCIL28,941151
12CCIL31C,941157
CCIL190826,941159
CCIL19826B,941163
915PDL28,941167
10PDL31,941173
1047PDL31,941175
10IML29,941185
11IML31,941189
115IML32,941193
10ICLFL27A,941195
115ICLF31,941201
ICLFL25826,941203
10KFL030,941223
95KAFL27,941231
KAFL30926,941233
1015UPPC28,957810
JFCZC28,958025
830NHAI27,961728
830PFCL27,961730
82HUDCO27,961734
736PFCL28,961751
734IRFC28,961756
846REC28,961776
892PFCL33,961804
901HUDCO34,961816
891IIFCL34,961822
880IREDA29,961839
880IREDA34,961841
900KPL29,961851
888REC29,961875
753NTPC30E,961908
QDLDW,961921
875IFCI26A,972706
916IFCI27,972715
872IFCI27,972721
675PFL31,973491
EELZC27,974634
1005MFL29,975010
1125ESFB29,975057
1420SML29,975229
840HDBFS33,975263
10MCSL26,975282
1385SML29,975375
EEL280324A,975572
1180NFL27,975808
1045MFL32,976036
949KIIFB33,976089
99MCSL26,976146
990IKFFL27,976173
0MSFL026,976248
942KIIFB33,976292
108EAAAL27,976307
1075NFL27,976325
1130KFL27,976346
1115MHFC30,976376
12ACAPL28,976411
975OFS27,976421
1060NFL27,976437
1090ESP26A,976448
113KFL27,976483
1130KFL27A,976653
1125MFL27,976685
1040MFL33,976712
1075MML027,976727
1025NBSP26,976778
975MML27A,976788
1075NFL28,976808
965VCL27,976832
10NFL27,976855
125ACAP28,976868
10VCL28,976893
11DKGFS27,976924
EFCL30725,976967
EFCL300725,976968
1030NFL27,977017
10KFL2027A,977038
111KFL27,977044
925VCL28,977090
1140KFLD28,977107
1165UCL31,977117
1045KSL27,977123
1026MFL31,977128
885VFL29A,977134
1075MML27A,977172
11MBF28,977173
1435ACAP26,977176
1350LLD29,977226
975UCL27,977228
1140KRFL27,977241
930MML28,977249
975MMLD28,977250
13ACAPL28,977260
98MML27A,977280
99MML27,977288
12ACAPL28A,977298
12ACAPL27B,977309
1075MML27B,977325
1050KSL27,977331
1155KFL27,977333
1025NBS27A,977356
12ACAP27,977367
999UCL29,977382
1250ACAP27,977383
1050SRFC28,977396
115SSFL28,977403
11MGFLD27,977411
1135NFL27,977417
0MCIBPL27A,977424
1050ESPL28,977431
11DKGFSF28,977445
1075NFL28A,977477
11IML29,977486
0EFCL29,977495
1160KFL28,977502
1135AFSL28,977508
0MSAFL28,977532
1250ACAPL29,977534
12KFL28,977541
845AAHL29,977544
10MGFL27,977546
104MFL33,977564
13UCIL27,977576
105ESPL28,977596
1250TCL30,977633
925PDL28,977643
930MMCL28,977648
965MMCL28,977649
1025SFL28A,977662
14RFL2027,977676
105ESPL28A,977680
12SCCNL31,977694
11CWCPL28,977696
1250BCSL29,977700
11UFL28,977710
10KFL29A,977712
1050IML29,977725
1030NFL28,977730
12KFL27,977732
13UCIL28,977740
1125SSFL28,977753
1280ACAP28,977773
12ACAP27A,977774
930MML2028,977801
13UCIL2028,977806
1120MFIL29,977818
910AML2028,977842
12KFL2028,977846
1205ACAP29,977852
1030NFL028,977868
1075NFL29,977869
1133FFS28,977877
13RFL28,977894
103EEL29,977902
1025MHFC29,977903
0MCIBPL280M,977913
12BCSL27,977932
1440MFSP27,977935
10MGFL27A,977984
12UCIL28,978007
13RFL29,978019
11FCPL29,978024
1050SISL28,978025
12ICLFL29,978035
93MML29,978039
1035SFL28,978051
11RCL29,978055
135RFL27,978068
1175UCIL27,978075
137MFSPL27,978087
13RFL2029,978094
1050LIF29A,978115
