date,symbol,code,close,prev_close
2025-06-17,BRIGADE,532929,1176.85,1194.65
2025-06-17,GOLDIAM,526729,357.15,363.15
2025-06-17,GUJINJEC,524238,21.98,21.71
2025-06-17,HDFCBANK,500180,1929.6,1935.05
2025-06-17,MINOLTAF,532164,1.36,1.3
2025-06-17,TRIVENI,532356,401.8,413.2
2025-06-18,BRIGADE,532929,1170.75,1176.85
2025-06-18,GOLDIAM,526729,363.35,357.15
2025-06-18,GUJINJEC,524238,23.07,21.98
2025-06-18,HDFCBANK,500180,1933.9,1929.6
2025-06-18,MINOLTAF,532164,1.42,1.36
2025-06-18,TRIVENI,532356,401.85,401.8
2025-06-19,BRIGADE,532929,1133.75,1170.75
2025-06-19,GOLDIAM,526729,348.9,363.35
2025-06-19,GUJINJEC,524238,24.22,23.07
2025-06-19,HDFCBANK,500180,1934.8,1933.9
2025-06-19,MINOLTAF,532164,1.49,1.42
2025-06-19,TRIVENI,532356,392.7,401.85
2025-06-20,BRIGADE,532929,1144.55,1133.75
2025-06-20,GOLDIAM,526729,346.65,348.9
2025-06-20,GUJINJEC,524238,25.43,24.22
2025-06-20,HDFCBANK,500180,1965.7,1934.8
2025-06-20,MINOLTAF,532164,1.42,1.49
2025-06-20,TRIVENI,532356,392.65,392.7
2025-06-23,BRIGADE,532929,1143.7,1144.55
2025-06-23,GOLDIAM,526729,342.55,346.65
2025-06-23,GUJINJEC,524238,26.3,25.43
2025-06-23,HDFCBANK,500180,1947.8,1965.7
2025-06-23,MINOLTAF,532164,1.49,1.42
2025-06-23,TRIVENI,532356,391.15,392.65
2025-06-24,BRIGADE,532929,1145.75,1143.7
2025-06-24,GOLDIAM,526729,342.6,342.55
2025-06-24,GUJINJEC,524238,25.31,26.3
2025-06-24,HDFCBANK,500180,1960.5,1947.8
2025-06-24,MINOLTAF,532164,1.56,1.49
2025-06-24,TRIVENI,532356,386.95,391.15
2025-06-25,BRIGADE,532929,1156.85,1145.75
2025-06-25,GOLDIAM,526729,344.25,342.6
2025-06-25,GUJINJEC,524238,25.02,25.31
2025-06-25,HDFCBANK,500180,1980.2,1960.5
2025-06-25,MINOLTAF,532164,1.49,1.56
2025-06-25,TRIVENI,532356,392.9,386.95
2025-06-26,BRIGADE,532929,1128.2,1156.85
2025-06-26,GOLDIAM,526729,342.0,344.25
2025-06-26,GUJINJEC,524238,25.16,25.02
2025-06-26,HDFCBANK,500180,2023.0,1980.2
2025-06-26,MINOLTAF,532164,1.42,1.49
2025-06-26,TRIVENI,532356,384.9,392.9
2025-06-27,BRIGADE,532929,1110.25,1128.2
2025-06-27,GOLDIAM,526729,345.05,342.0
2025-06-27,GUJINJEC,524238,24.55,25.16
2025-06-27,HDFCBANK,500180,2014.4,2023.0
2025-06-27,TRIVENI,532356,383.1,384.9
2025-06-30,BRIGADE,532929,1109.95,1110.25
2025-06-30,GOLDIAM,526729,343.9,345.05
2025-06-30,GUJINJEC,524238,24.66,24.55
2025-06-30,HDFCBANK,500180,2000.7,2014.4
2025-06-30,MINOLTAF,532164,1.35,1.42
2025-06-30,TRIVENI,532356,379.55,383.1
2025-07-01,BRIGADE,532929,1095.15,1109.95
2025-07-01,GOLDIAM,526729,343.45,343.9
2025-07-01,GUJINJEC,524238,24.58,24.66
2025-07-01,HDFCBANK,500180,2011.95,2000.7
2025-07-01,MINOLTAF,532164,1.34,1.35
2025-07-01,TRIVENI,532356,377.3,379.55
2025-07-02,BRIGADE,532929,1057.95,1095.15
2025-07-02,GOLDIAM,526729,341.95,343.45
2025-07-02,GUJINJEC,524238,24.78,24.58
2025-07-02,HDFCBANK,500180,1985.7,2011.95
2025-07-02,MINOLTAF,532164,1.28,1.34
2025-07-02,TRIVENI,532356,376.15,377.3
2025-07-03,BRIGADE,532929,1051.5,1057.95
2025-07-03,GOLDIAM,526729,342.55,341.95
2025-07-03,GUJINJEC,524238,24.7,24.78
2025-07-03,HDFCBANK,500180,1985.65,1985.7
2025-07-03,TRIVENI,532356,377.0,376.15
2025-07-04,BRIGADE,532929,1073.0,1051.5
2025-07-04,GOLDIAM,526729,347.55,342.55
2025-07-04,GUJINJEC,524238,24.26,24.7
2025-07-04,HDFCBANK,500180,1989.25,1985.65
2025-07-04,MINOLTAF,532164,1.23,1.28
2025-07-04,TRIVENI,532356,375.1,377.0
2025-07-07,BRIGADE,532929,1090.75,1073.0
2025-07-07,GOLDIAM,526729,343.4,347.55
2025-07-07,GUJINJEC,524238,24.22,24.26
2025-07-07,HDFCBANK,500180,1987.25,1989.25
2025-07-07,MINOLTAF,532164,1.17,1.23
2025-07-07,TRIVENI,532356,371.6,375.1
2025-07-08,BRIGADE,532929,1121.7,1090.75
2025-07-08,GOLDIAM,526729,345.55,343.4
2025-07-08,GUJINJEC,524238,23.49,24.22
2025-07-08,HDFCBANK,500180,2001.5,1987.25
2025-07-08,MINOLTAF,532164,1.12,1.17
2025-07-08,TRIVENI,532356,369.5,371.6
2025-07-09,BRIGADE,532929,1077.85,1121.7
2025-07-09,GOLDIAM,526729,345.55,345.55
2025-07-09,GUJINJEC,524238,22.99,23.49
2025-07-09,HDFCBANK,500180,2010.6,2001.5
2025-07-09,TRIVENI,532356,368.3,369.5
2025-07-10,BRIGADE,532929,1079.55,1077.85
2025-07-10,GOLDIAM,526729,342.05,345.55
2025-07-10,GUJINJEC,524238,22.3,22.99
2025-07-10,HDFCBANK,500180,2006.45,2010.6
2025-07-10,TRIVENI,532356,369.4,368.3
2025-07-11,BRIGADE,532929,1063.9,1079.55
2025-07-11,GOLDIAM,526729,339.7,342.05
2025-07-11,GUJINJEC,524238,22.95,22.3
2025-07-11,HDFCBANK,500180,1983.55,2006.45
2025-07-11,MINOLTAF,532164,1.07,1.12
2025-07-11,TRIVENI,532356,366.4,369.4
2025-07-14,BRIGADE,532929,1084.9,1063.9
2025-07-14,GOLDIAM,526729,336.45,339.7
2025-07-14,GUJINJEC,524238,23.24,22.95
2025-07-14,HDFCBANK,500180,1983.0,1983.55
2025-07-14,TRIVENI,532356,365.05,366.4
2025-07-15,BRIGADE,532929,1091.15,1084.9
2025-07-15,GOLDIAM,526729,343.25,336.45
2025-07-15,GUJINJEC,524238,24.15,23.24
2025-07-15,HDFCBANK,500180,1995.3,1983.0
2025-07-15,MINOLTAF,532164,1.07,1.07
2025-07-15,TRIVENI,532356,363.9,365.05
2025-07-16,BRIGADE,532929,1114.55,1091.15
2025-07-16,GOLDIAM,526729,341.9,343.25
2025-07-16,GUJINJEC,524238,23.64,24.15
2025-07-16,HDFCBANK,500180,1996.2,1995.3
2025-07-16,TRIVENI,532356,363.2,363.9
2025-07-17,BRIGADE,532929,1132.65,1114.55
2025-07-17,GOLDIAM,526729,357.9,341.9
2025-07-17,GUJINJEC,524238,23.02,23.64
2025-07-17,HDFCBANK,500180,1986.6,1996.2
2025-07-17,MINOLTAF,532164,1.1,1.07
2025-07-17,TRIVENI,532356,361.65,363.2
2025-07-18,BRIGADE,532929,1110.65,1132.65
2025-07-18,GOLDIAM,526729,362.1,357.9
2025-07-18,GUJINJEC,524238,22.6,23.02
2025-07-18,HDFCBANK,500180,1957.4,1986.6
2025-07-18,MINOLTAF,532164,1.1,1.1
2025-07-18,TRIVENI,532356,362.65,361.65
2025-07-21,BRIGADE,532929,1101.45,1110.65
2025-07-21,GOLDIAM,526729,365.0,362.1
2025-07-21,GUJINJEC,524238,23.35,22.6
2025-07-21,HDFCBANK,500180,2000.2,1957.4
2025-07-21,MINOLTAF,532164,1.07,1.1
2025-07-21,TRIVENI,532356,368.55,362.65
2025-07-22,BRIGADE,532929,1085.95,1101.45
2025-07-22,GOLDIAM,526729,350.75,365.0
2025-07-22,GUJINJEC,524238,23.31,23.35
2025-07-22,HDFCBANK,500180,2006.75,2000.2
2025-07-22,MINOLTAF,532164,1.02,1.07
2025-07-22,TRIVENI,532356,371.75,368.55
2025-07-23,BRIGADE,532929,1048.65,1085.95
2025-07-23,GOLDIAM,526729,347.35,350.75
2025-07-23,GUJINJEC,524238,23.7,23.31
2025-07-23,HDFCBANK,500180,2024.6,2006.75
2025-07-23,MINOLTAF,532164,1.07,1.02
2025-07-23,TRIVENI,532356,370.4,371.75
2025-07-24,BRIGADE,532929,1060.6,1048.65
2025-07-24,GOLDIAM,526729,347.9,347.35
2025-07-24,GUJINJEC,524238,22.82,23.7
2025-07-24,HDFCBANK,500180,2014.0,2024.6
2025-07-24,MINOLTAF,532164,1.07,1.07
2025-07-24,TRIVENI,532356,372.85,370.4
2025-07-25,BRIGADE,532929,1057.05,1060.6
2025-07-25,GOLDIAM,526729,346.35,347.9
2025-07-25,GUJINJEC,524238,23.29,22.82
2025-07-25,HDFCBANK,500180,2004.5,2014.0
2025-07-25,TRIVENI,532356,365.5,372.85
2025-07-28,BRIGADE,532929,1014.05,1057.05
2025-07-28,GOLDIAM,526729,335.65,346.35
2025-07-28,GUJINJEC,524238,22.47,23.29
2025-07-28,HDFCBANK,500180,2008.05,2004.5
2025-07-28,MINOLTAF,532164,1.08,1.07
2025-07-28,TRIVENI,532356,361.45,365.5
2025-07-29,BRIGADE,532929,1011.15,1014.05
2025-07-29,GOLDIAM,526729,335.65,335.65
2025-07-29,GUJINJEC,524238,23.16,22.47
2025-07-29,HDFCBANK,500180,2022.3,2008.05
2025-07-29,MINOLTAF,532164,1.03,1.08
2025-07-29,TRIVENI,532356,367.7,361.45
2025-07-30,BRIGADE,532929,983.8,1011.15
2025-07-30,GOLDIAM,526729,336.8,335.65
2025-07-30,GUJINJEC,524238,23.03,23.16
2025-07-30,HDFCBANK,500180,2025.6,2022.3
2025-07-30,MINOLTAF,532164,1.08,1.03
2025-07-30,TRIVENI,532356,343.55,367.7
2025-07-31,BRIGADE,532929,1008.05,983.8
2025-07-31,GOLDIAM,526729,341.6,336.8
2025-07-31,GUJINJEC,524238,22.49,23.03
2025-07-31,HDFCBANK,500180,2018.7,2025.6
2025-07-31,MINOLTAF,532164,1.13,1.08
2025-07-31,TRIVENI,532356,343.65,343.55
2025-08-01,BRIGADE,532929,979.95,1008.05
2025-08-01,GOLDIAM,526729,331.2,341.6
2025-08-01,GUJINJEC,524238,21.75,22.49
2025-08-01,HDFCBANK,500180,2012.25,2018.7
2025-08-01,MINOLTAF,532164,1.18,1.13
2025-08-01,TRIVENI,532356,340.3,343.65
2025-08-04,BRIGADE,532929,985.5,979.95
2025-08-04,GOLDIAM,526729,342.7,331.2
2025-08-04,GUJINJEC,524238,22.0,21.75
2025-08-04,HDFCBANK,500180,1992.25,2012.25
2025-08-04,MINOLTAF,532164,1.23,1.18
2025-08-04,TRIVENI,532356,344.9,340.3
2025-08-05,BRIGADE,532929,992.25,985.5
2025-08-05,GOLDIAM,526729,349.35,342.7
2025-08-05,GUJINJEC,524238,22.4,22.0
2025-08-05,HDFCBANK,500180,1976.6,1992.25
2025-08-05,MINOLTAF,532164,1.29,1.23
2025-08-05,TRIVENI,532356,340.55,344.9
2025-08-06,BRIGADE,532929,969.25,992.25
2025-08-06,GOLDIAM,526729,353.25,349.35
2025-08-06,GUJINJEC,524238,22.89,22.4
2025-08-06,HDFCBANK,500180,1983.0,1976.6
2025-08-06,MINOLTAF,532164,1.35,1.29
2025-08-06,TRIVENI,532356,336.25,340.55
2025-08-07,BRIGADE,532929,955.6,969.25
2025-08-07,GOLDIAM,526729,360.95,353.25
2025-08-07,GUJINJEC,524238,21.89,22.89
2025-08-07,HDFCBANK,500180,1995.4,1983.0
2025-08-07,MINOLTAF,532164,1.36,1.35
2025-08-07,TRIVENI,532356,331.0,336.25
2025-08-08,BRIGADE,532929,946.85,955.6
2025-08-08,GOLDIAM,526729,360.2,360.95
2025-08-08,GUJINJEC,524238,21.03,21.89
2025-08-08,HDFCBANK,500180,1973.05,1995.4
2025-08-08,MINOLTAF,532164,1.32,1.36
2025-08-08,TRIVENI,532356,336.9,331.0
2025-08-11,BRIGADE,532929,961.1,946.85
2025-08-11,GOLDIAM,526729,363.5,360.2
2025-08-11,GUJINJEC,524238,21.85,21.03
2025-08-11,HDFCBANK,500180,1996.0,1973.05
2025-08-11,MINOLTAF,532164,1.38,1.32
2025-08-11,TRIVENI,532356,334.65,336.9
2025-08-12,BRIGADE,532929,975.2,961.1
2025-08-12,GOLDIAM,526729,364.9,363.5
2025-08-12,GUJINJEC,524238,21.06,21.85
2025-08-12,HDFCBANK,500180,1969.95,1996.0
2025-08-12,MINOLTAF,532164,1.43,1.38
2025-08-12,TRIVENI,532356,339.95,334.65
2025-08-13,BRIGADE,532929,964.65,975.2
2025-08-13,GOLDIAM,526729,367.0,364.9
2025-08-13,GUJINJEC,524238,21.31,21.06
2025-08-13,HDFCBANK,500180,1979.35,1969.95
2025-08-13,MINOLTAF,532164,1.49,1.43
2025-08-13,TRIVENI,532356,334.95,339.95
2025-08-14,BRIGADE,532929,936.8,964.65
2025-08-14,GOLDIAM,526729,361.7,367.0
2025-08-14,GUJINJEC,524238,21.96,21.31
2025-08-14,HDFCBANK,500180,1991.4,1979.35
2025-08-14,MINOLTAF,532164,1.42,1.49
2025-08-14,TRIVENI,532356,331.75,334.95
2025-08-18,BRIGADE,532929,961.95,936.8
2025-08-18,GOLDIAM,526729,362.8,361.7
2025-08-18,GUJINJEC,524238,20.91,21.96
2025-08-18,HDFCBANK,500180,2003.65,1991.4
2025-08-18,MINOLTAF,532164,1.49,1.42
2025-08-18,TRIVENI,532356,327.8,331.75
2025-08-19,BRIGADE,532929,955.7,961.95
2025-08-19,GOLDIAM,526729,358.95,362.8
2025-08-19,GUJINJEC,524238,20.93,20.91
2025-08-19,HDFCBANK,500180,1991.25,2003.65
2025-08-19,MINOLTAF,532164,1.56,1.49
2025-08-19,TRIVENI,532356,338.25,327.8
2025-08-20,BRIGADE,532929,955.55,955.7
2025-08-20,GOLDIAM,526729,347.9,358.95
2025-08-20,GUJINJEC,524238,21.7,20.93
2025-08-20,HDFCBANK,500180,1988.0,1991.25
2025-08-20,MINOLTAF,532164,1.62,1.56
2025-08-20,TRIVENI,532356,341.4,338.25
2025-08-21,BRIGADE,532929,967.9,955.55
2025-08-21,GOLDIAM,526729,363.55,347.9
2025-08-21,GUJINJEC,524238,21.9,21.7
2025-08-21,HDFCBANK,500180,1990.2,1988.0
2025-08-21,MINOLTAF,532164,1.54,1.62
2025-08-21,TRIVENI,532356,341.9,341.4
2025-08-22,BRIGADE,532929,961.4,967.9
2025-08-22,GOLDIAM,526729,358.75,363.55
2025-08-22,GUJINJEC,524238,21.42,21.9
2025-08-22,HDFCBANK,500180,1964.75,1990.2
2025-08-22,TRIVENI,532356,339.7,341.9
2025-08-25,BRIGADE,532929,967.55,961.4
2025-08-25,GOLDIAM,526729,360.05,358.75
2025-08-25,GUJINJEC,524238,21.55,21.42
2025-08-25,HDFCBANK,500180,1964.5,1964.75
2025-08-25,MINOLTAF,532164,1.52,1.54
2025-08-25,TRIVENI,532356,345.45,339.7
2025-08-26,BRIGADE,532929,943.9,967.55
2025-08-26,GOLDIAM,526729,350.35,360.05
2025-08-26,GUJINJEC,524238,20.73,21.55
2025-08-26,HDFCBANK,500180,973.05,1964.5
2025-08-26,MINOLTAF,532164,1.45,1.52
2025-08-26,TRIVENI,532356,340.6,345.45
2025-08-28,BRIGADE,532929,953.25,943.9
2025-08-28,GOLDIAM,526729,358.15,350.35
2025-08-28,GUJINJEC,524238,21.45,20.73
2025-08-28,HDFCBANK,500180,958.0,973.05
2025-08-28,MINOLTAF,532164,1.38,1.45
2025-08-28,TRIVENI,532356,351.55,340.6
2025-08-29,BRIGADE,532929,922.5,953.25
2025-08-29,GOLDIAM,526729,363.95,358.15
2025-08-29,GUJINJEC,524238,21.74,21.45
2025-08-29,HDFCBANK,500180,951.45,958.0
2025-08-29,MINOLTAF,532164,1.32,1.38
2025-08-29,TRIVENI,532356,352.15,351.55
2025-09-01,BRIGADE,532929,926.6,922.5
2025-09-01,GOLDIAM,526729,379.2,363.95
2025-09-01,GUJINJEC,524238,20.69,21.74
2025-09-01,HDFCBANK,500180,950.7,951.45
2025-09-01,MINOLTAF,532164,1.26,1.32
2025-09-01,TRIVENI,532356,350.0,352.15
2025-09-02,BRIGADE,532929,924.95,926.6
2025-09-02,GOLDIAM,526729,377.6,379.2
2025-09-02,GUJINJEC,524238,19.96,20.69
2025-09-02,HDFCBANK,500180,944.4,950.7
2025-09-02,MINOLTAF,532164,1.23,1.26
2025-09-02,TRIVENI,532356,360.6,350.0
2025-09-03,BRIGADE,532929,933.4,924.95
2025-09-03,GOLDIAM,526729,402.45,377.6
2025-09-03,GUJINJEC,524238,20.46,19.96
2025-09-03,HDFCBANK,500180,953.8,944.4
2025-09-03,MINOLTAF,532164,1.17,1.23
2025-09-03,TRIVENI,532356,366.4,360.6
2025-09-04,BRIGADE,532929,927.5,933.4
2025-09-04,GOLDIAM,526729,396.7,402.45
2025-09-04,GUJINJEC,524238,20.95,20.46
2025-09-04,HDFCBANK,500180,961.2,953.8
2025-09-04,MINOLTAF,532164,1.13,1.17
2025-09-04,TRIVENI,532356,362.7,366.4
2025-09-05,BRIGADE,532929,910.85,927.5
2025-09-05,GOLDIAM,526729,416.65,396.7
2025-09-05,GUJINJEC,524238,20.98,20.95
2025-09-05,HDFCBANK,500180,962.9,961.2
2025-09-05,MINOLTAF,532164,1.18,1.13
2025-09-05,TRIVENI,532356,364.95,362.7
2025-09-08,BRIGADE,532929,909.95,910.85
2025-09-08,GOLDIAM,526729,403.75,416.65
2025-09-08,GUJINJEC,524238,20.65,20.98
2025-09-08,HDFCBANK,500180,965.75,962.9
2025-09-08,MINOLTAF,532164,1.13,1.18
2025-09-08,TRIVENI,532356,354.75,364.95
2025-09-09,BRIGADE,532929,904.15,909.95
2025-09-09,GOLDIAM,526729,396.9,403.75
2025-09-09,GUJINJEC,524238,20.1,20.65
2025-09-09,HDFCBANK,500180,964.9,965.75
2025-09-09,MINOLTAF,532164,1.09,1.13
2025-09-09,TRIVENI,532356,345.5,354.75
2025-09-10,BRIGADE,532929,936.4,904.15
2025-09-10,GOLDIAM,526729,396.85,396.9
2025-09-10,GUJINJEC,524238,20.1,20.1
2025-09-10,HDFCBANK,500180,966.05,964.9
2025-09-10,TRIVENI,532356,349.35,345.5
2025-09-11,BRIGADE,532929,934.25,936.4
2025-09-11,GOLDIAM,526729,402.55,396.85
2025-09-11,GUJINJEC,524238,20.07,20.1
2025-09-11,HDFCBANK,500180,968.1,966.05
2025-09-11,MINOLTAF,532164,1.14,1.09
2025-09-11,TRIVENI,532356,349.5,349.35
2025-09-12,BRIGADE,532929,944.9,934.25
2025-09-12,GOLDIAM,526729,399.55,402.55
2025-09-12,GUJINJEC,524238,20.1,20.07
2025-09-12,HDFCBANK,500180,966.9,968.1
2025-09-12,MINOLTAF,532164,1.19,1.14
2025-09-12,TRIVENI,532356,355.6,349.5
2025-09-15,BRIGADE,532929,969.25,944.9
2025-09-15,GOLDIAM,526729,395.9,399.55
2025-09-15,GUJINJEC,524238,20.05,20.1
2025-09-15,HDFCBANK,500180,966.7,966.9
2025-09-15,MINOLTAF,532164,1.14,1.19
2025-09-15,TRIVENI,532356,357.3,355.6
2025-09-16,BRIGADE,532929,953.35,969.25
2025-09-16,GOLDIAM,526729,390.2,395.9
2025-09-16,GUJINJEC,524238,20.05,20.05
2025-09-16,HDFCBANK,500180,966.95,966.7
2025-09-16,MINOLTAF,532164,1.11,1.14
2025-09-16,TRIVENI,532356,355.8,357.3
2025-09-17,BRIGADE,532929,945.25,953.35
2025-09-17,GOLDIAM,526729,392.85,390.2
2025-09-17,GUJINJEC,524238,20.0,20.05
2025-09-17,HDFCBANK,500180,966.4,966.95
2025-09-17,TRIVENI,532356,359.75,355.8
2025-09-18,BRIGADE,532929,955.1,945.25
2025-09-18,GOLDIAM,526729,404.4,392.85
2025-09-18,GUJINJEC,524238,20.02,20.0
2025-09-18,HDFCBANK,500180,976.55,966.4
2025-09-18,MINOLTAF,532164,1.07,1.11
2025-09-18,TRIVENI,532356,359.0,359.75
2025-09-19,BRIGADE,532929,936.35,955.1
2025-09-19,GOLDIAM,526729,397.9,404.4
2025-09-19,GUJINJEC,524238,20.0,20.02
2025-09-19,HDFCBANK,500180,967.05,976.55
2025-09-19,MINOLTAF,532164,1.07,1.07
2025-09-19,TRIVENI,532356,360.05,359.0
2025-09-22,BRIGADE,532929,924.45,936.35
2025-09-22,GOLDIAM,526729,384.75,397.9
2025-09-22,GUJINJEC,524238,20.01,20.0
2025-09-22,HDFCBANK,500180,963.8,967.05
2025-09-22,MINOLTAF,532164,1.12,1.07
2025-09-22,TRIVENI,532356,347.55,360.05
2025-09-23,BRIGADE,532929,914.4,924.45
2025-09-23,GOLDIAM,526729,381.8,384.75
2025-09-23,GUJINJEC,524238,20.01,20.01
2025-09-23,HDFCBANK,500180,957.55,963.8
2025-09-23,MINOLTAF,532164,1.17,1.12
2025-09-23,TRIVENI,532356,343.75,347.55
2025-09-24,BRIGADE,532929,915.8,914.4
2025-09-24,GOLDIAM,526729,379.7,381.8
2025-09-24,GUJINJEC,524238,19.99,20.01
2025-09-24,HDFCBANK,500180,950.5,957.55
2025-09-24,MINOLTAF,532164,1.22,1.17
2025-09-24,TRIVENI,532356,350.0,343.75
2025-09-25,BRIGADE,532929,920.05,915.8
2025-09-25,GOLDIAM,526729,371.2,379.7
2025-09-25,GUJINJEC,524238,20.01,19.99
2025-09-25,HDFCBANK,500180,949.6,950.5
2025-09-25,MINOLTAF,532164,1.28,1.22
2025-09-25,TRIVENI,532356,341.85,350.0
2025-09-26,BRIGADE,532929,904.8,920.05
2025-09-26,GOLDIAM,526729,369.25,371.2
2025-09-26,GUJINJEC,524238,20.06,20.01
2025-09-26,HDFCBANK,500180,945.15,949.6
2025-09-26,MINOLTAF,532164,1.34,1.28
2025-09-26,TRIVENI,532356,337.9,341.85
2025-09-29,BRIGADE,532929,887.75,904.8
2025-09-29,GOLDIAM,526729,369.2,369.25
2025-09-29,GUJINJEC,524238,20.02,20.06
2025-09-29,HDFCBANK,500180,950.45,945.15
2025-09-29,MINOLTAF,532164,1.4,1.34
2025-09-29,TRIVENI,532356,333.0,337.9
2025-09-30,BRIGADE,532929,896.05,887.75
2025-09-30,GOLDIAM,526729,383.8,369.2
2025-09-30,GUJINJEC,524238,20.02,20.02
2025-09-30,HDFCBANK,500180,951.15,950.45
2025-09-30,MINOLTAF,532164,1.42,1.4
2025-09-30,TRIVENI,532356,332.8,333.0
2025-10-01,BRIGADE,532929,895.85,896.05
2025-10-01,GOLDIAM,526729,382.05,383.8
2025-10-01,GUJINJEC,524238,20.01,20.02
2025-10-01,HDFCBANK,500180,965.2,951.15
2025-10-01,MINOLTAF,532164,1.49,1.42
2025-10-01,TRIVENI,532356,339.35,332.8
2025-10-03,BRIGADE,532929,896.3,895.85
2025-10-03,GOLDIAM,526729,388.5,382.05
2025-10-03,GUJINJEC,524238,20.01,20.01
2025-10-03,HDFCBANK,500180,964.75,965.2
2025-10-03,MINOLTAF,532164,1.42,1.49
2025-10-03,TRIVENI,532356,349.55,339.35
2025-10-06,BRIGADE,532929,891.8,896.3
2025-10-06,GOLDIAM,526729,378.55,388.5
2025-10-06,GUJINJEC,524238,20.0,20.01
2025-10-06,HDFCBANK,500180,973.75,964.75
2025-10-06,MINOLTAF,532164,1.37,1.42
2025-10-06,TRIVENI,532356,354.35,349.55
2025-10-07,BRIGADE,532929,926.3,891.8
2025-10-07,GOLDIAM,526729,380.75,378.55
2025-10-07,GUJINJEC,524238,20.01,20.0
2025-10-07,HDFCBANK,500180,982.3,973.75
2025-10-07,MINOLTAF,532164,1.35,1.37
2025-10-07,TRIVENI,532356,355.05,354.35
2025-10-08,BRIGADE,532929,912.3,926.3
2025-10-08,GOLDIAM,526729,380.45,380.75
2025-10-08,GUJINJEC,524238,20.02,20.01
2025-10-08,HDFCBANK,500180,978.75,982.3
2025-10-08,TRIVENI,532356,356.3,355.05
2025-10-09,BRIGADE,532929,918.55,912.3
2025-10-09,GOLDIAM,526729,373.7,380.45
2025-10-09,GUJINJEC,524238,20.02,20.02
2025-10-09,HDFCBANK,500180,977.15,978.75
2025-10-09,MINOLTAF,532164,1.41,1.35
2025-10-09,TRIVENI,532356,352.7,356.3
2025-10-10,BRIGADE,532929,942.7,918.55
2025-10-10,GOLDIAM,526729,372.75,373.7
2025-10-10,GUJINJEC,524238,20.62,20.02
2025-10-10,HDFCBANK,500180,980.9,977.15
2025-10-10,MINOLTAF,532164,1.35,1.41
2025-10-10,TRIVENI,532356,354.5,352.7
2025-10-13,BRIGADE,532929,930.25,942.7
2025-10-13,GOLDIAM,526729,371.55,372.75
2025-10-13,GUJINJEC,524238,22.11,20.62
2025-10-13,HDFCBANK,500180,977.95,980.9
2025-10-13,MINOLTAF,532164,1.41,1.35
2025-10-13,TRIVENI,532356,348.45,354.5
2025-10-14,BRIGADE,532929,915.05,930.25
2025-10-14,GOLDIAM,526729,359.55,371.55
2025-10-14,GUJINJEC,524238,20.94,22.11
2025-10-14,HDFCBANK,500180,977.1,977.95
2025-10-14,MINOLTAF,532164,1.47,1.41
2025-10-14,TRIVENI,532356,348.5,348.45
2025-10-15,BRIGADE,532929,956.15,915.05
2025-10-15,GOLDIAM,526729,357.75,359.55
2025-10-15,GUJINJEC,524238,21.04,20.94
2025-10-15,HDFCBANK,500180,979.15,977.1
2025-10-15,MINOLTAF,532164,1.41,1.47
2025-10-15,TRIVENI,532356,348.75,348.5
2025-10-16,BRIGADE,532929,967.2,956.15
2025-10-16,GOLDIAM,526729,364.3,357.75
2025-10-16,GUJINJEC,524238,20.55,21.04
2025-10-16,HDFCBANK,500180,994.25,979.15
2025-10-16,MINOLTAF,532164,1.48,1.41
2025-10-16,TRIVENI,532356,351.95,348.75
2025-10-17,BRIGADE,532929,981.1,967.2
2025-10-17,GOLDIAM,526729,358.45,364.3
2025-10-17,GUJINJEC,524238,20.45,20.55
2025-10-17,HDFCBANK,500180,1002.5,994.25
2025-10-17,MINOLTAF,532164,1.5,1.48
2025-10-17,TRIVENI,532356,355.35,351.95
2025-10-20,BRIGADE,532929,976.9,981.1
2025-10-20,GOLDIAM,526729,357.75,358.45
2025-10-20,GUJINJEC,524238,20.5,20.45
2025-10-20,HDFCBANK,500180,1003.3,1002.5
2025-10-20,MINOLTAF,532164,1.55,1.5
2025-10-20,TRIVENI,532356,356.05,355.35
2025-10-21,BRIGADE,532929,979.9,976.9
2025-10-21,GOLDIAM,526729,359.0,357.75
2025-10-21,GUJINJEC,524238,20.43,20.5
2025-10-21,HDFCBANK,500180,1007.3,1003.3
2025-10-21,MINOLTAF,532164,1.59,1.55
2025-10-21,TRIVENI,532356,355.9,356.05
2025-10-23,BRIGADE,532929,995.85,979.9
2025-10-23,GOLDIAM,526729,364.9,359.0
2025-10-23,GUJINJEC,524238,20.54,20.43
2025-10-23,HDFCBANK,500180,1008.95,1007.3
2025-10-23,MINOLTAF,532164,1.58,1.59
2025-10-23,TRIVENI,532356,356.0,355.9
2025-10-24,BRIGADE,532929,998.65,995.85
2025-10-24,GOLDIAM,526729,355.95,364.9
2025-10-24,GUJINJEC,524238,20.89,20.54
2025-10-24,HDFCBANK,500180,994.7,1008.95
2025-10-24,MINOLTAF,532164,1.51,1.58
2025-10-24,TRIVENI,532356,356.05,356.0
2025-10-27,BRIGADE,532929,1035.05,998.65
2025-10-27,GOLDIAM,526729,357.4,355.95
2025-10-27,GUJINJEC,524238,20.98,20.89
2025-10-27,HDFCBANK,500180,1002.9,994.7
2025-10-27,MINOLTAF,532164,1.44,1.51
2025-10-27,TRIVENI,532356,358.0,356.05
2025-10-28,BRIGADE,532929,1011.6,1035.05
2025-10-28,GOLDIAM,526729,356.05,357.4
2025-10-28,GUJINJEC,524238,22.01,20.98
2025-10-28,HDFCBANK,500180,1003.55,1002.9
2025-10-28,TRIVENI,532356,351.4,358.0
2025-10-29,BRIGADE,532929,1033.9,1011.6
2025-10-29,GOLDIAM,526729,364.55,356.05
2025-10-29,GUJINJEC,524238,22.25,22.01
2025-10-29,HDFCBANK,500180,1007.9,1003.55
2025-10-29,MINOLTAF,532164,1.45,1.44
2025-10-29,TRIVENI,532356,358.6,351.4
2025-10-30,BRIGADE,532929,1039.25,1033.9
2025-10-30,GOLDIAM,526729,361.65,364.55
2025-10-30,GUJINJEC,524238,22.85,22.25
2025-10-30,HDFCBANK,500180,998.1,1007.9
2025-10-30,MINOLTAF,532164,1.38,1.45
2025-10-30,TRIVENI,532356,357.3,358.6
2025-10-31,BRIGADE,532929,1039.05,1039.25
2025-10-31,GOLDIAM,526729,358.8,361.65
2025-10-31,GUJINJEC,524238,23.47,22.85
2025-10-31,HDFCBANK,500180,987.65,998.1
2025-10-31,TRIVENI,532356,356.9,357.3
2025-11-03,BRIGADE,532929,1042.15,1039.05
2025-11-03,GOLDIAM,526729,377.1,358.8
2025-11-03,GUJINJEC,524238,23.96,23.47
2025-11-03,HDFCBANK,500180,992.5,987.65
2025-11-03,MINOLTAF,532164,1.32,1.38
2025-11-03,TRIVENI,532356,358.3,356.9
2025-11-04,BRIGADE,532929,1019.6,1042.15
2025-11-04,GOLDIAM,526729,367.8,377.1
2025-11-04,GUJINJEC,524238,24.45,23.96
2025-11-04,HDFCBANK,500180,985.1,992.5
2025-11-04,MINOLTAF,532164,1.26,1.32
2025-11-04,TRIVENI,532356,358.15,358.3
2025-11-06,BRIGADE,532929,993.15,1019.6
2025-11-06,GOLDIAM,526729,355.75,367.8
2025-11-06,GUJINJEC,524238,24.89,24.45
2025-11-06,HDFCBANK,500180,984.5,985.1
2025-11-06,MINOLTAF,532164,1.3,1.26
2025-11-06,TRIVENI,532356,357.1,358.15
2025-11-07,BRIGADE,532929,978.25,993.15
2025-11-07,GOLDIAM,526729,355.45,355.75
2025-11-07,GUJINJEC,524238,25.2,24.89
2025-11-07,HDFCBANK,500180,982.9,984.5
2025-11-07,MINOLTAF,532164,1.24,1.3
2025-11-07,TRIVENI,532356,360.4,357.1
2025-11-10,BRIGADE,532929,977.05,978.25
2025-11-10,GOLDIAM,526729,352.85,355.45
2025-11-10,GUJINJEC,524238,25.43,25.2
2025-11-10,HDFCBANK,500180,984.35,982.9
2025-11-10,MINOLTAF,532164,1.2,1.24
2025-11-10,TRIVENI,532356,364.8,360.4
2025-11-11,BRIGADE,532929,967.35,977.05
2025-11-11,GOLDIAM,526729,354.05,352.85
2025-11-11,GUJINJEC,524238,25.8,25.43
2025-11-11,HDFCBANK,500180,991.7,984.35
2025-11-11,MINOLTAF,532164,1.18,1.2
2025-11-11,TRIVENI,532356,363.25,364.8
2025-11-12,BRIGADE,532929,958.9,967.35
2025-11-12,GOLDIAM,526729,361.55,354.05
2025-11-12,GUJINJEC,524238,25.96,25.8
2025-11-12,HDFCBANK,500180,989.45,991.7
2025-11-12,MINOLTAF,532164,1.13,1.18
2025-11-12,TRIVENI,532356,371.25,363.25
2025-11-13,BRIGADE,532929,951.0,958.9
2025-11-13,GOLDIAM,526729,393.95,361.55
2025-11-13,GUJINJEC,524238,25.56,25.96
2025-11-13,HDFCBANK,500180,986.8,989.45
2025-11-13,MINOLTAF,532164,1.18,1.13
2025-11-13,TRIVENI,532356,364.15,371.25
2025-11-14,BRIGADE,532929,943.95,951.0
2025-11-14,GOLDIAM,526729,379.85,393.95
2025-11-14,GUJINJEC,524238,26.0,25.56
2025-11-14,HDFCBANK,500180,988.85,986.8
2025-11-14,MINOLTAF,532164,1.23,1.18
2025-11-14,TRIVENI,532356,364.45,364.15
2025-11-17,BRIGADE,532929,946.1,943.95
2025-11-17,GOLDIAM,526729,374.4,379.85
2025-11-17,GUJINJEC,524238,26.35,26.0
2025-11-17,HDFCBANK,500180,996.8,988.85
2025-11-17,MINOLTAF,532164,1.21,1.23
2025-11-17,TRIVENI,532356,365.2,364.45
2025-11-18,BRIGADE,532929,925.3,946.1
2025-11-18,GOLDIAM,526729,369.2,374.4
2025-11-18,GUJINJEC,524238,26.5,26.35
2025-11-18,HDFCBANK,500180,991.6,996.8
2025-11-18,MINOLTAF,532164,1.27,1.21
2025-11-18,TRIVENI,532356,363.65,365.2
2025-11-19,BRIGADE,532929,924.35,925.3
2025-11-19,GOLDIAM,526729,378.2,369.2
2025-11-19,GUJINJEC,524238,26.4,26.5
2025-11-19,HDFCBANK,500180,994.65,991.6
2025-11-19,MINOLTAF,532164,1.33,1.27
2025-11-19,TRIVENI,532356,364.55,363.65
2025-11-20,BRIGADE,532929,923.9,924.35
2025-11-20,GOLDIAM,526729,389.7,378.2
2025-11-20,GUJINJEC,524238,26.11,26.4
2025-11-20,HDFCBANK,500180,1008.8,994.65
2025-11-20,TRIVENI,532356,361.15,364.55
2025-11-21,BRIGADE,532929,898.75,923.9
2025-11-21,GOLDIAM,526729,390.55,389.7
2025-11-21,GUJINJEC,524238,26.99,26.11
2025-11-21,HDFCBANK,500180,998.15,1008.8
2025-11-21,TRIVENI,532356,361.55,361.15
2025-11-24,BRIGADE,532929,861.15,898.75
2025-11-24,GOLDIAM,526729,373.65,390.55
2025-11-24,GUJINJEC,524238,27.97,26.99
2025-11-24,HDFCBANK,500180,999.05,998.15
2025-11-24,TRIVENI,532356,353.3,361.55
2025-11-25,BRIGADE,532929,897.0,861.15
2025-11-25,GOLDIAM,526729,373.2,373.65
2025-11-25,GUJINJEC,524238,28.33,27.97
2025-11-25,HDFCBANK,500180,989.85,999.05
2025-11-25,TRIVENI,532356,355.35,353.3
2025-11-26,BRIGADE,532929,910.95,897.0
2025-11-26,GOLDIAM,526729,398.85,373.2
2025-11-26,GUJINJEC,524238,28.33,28.33
2025-11-26,HDFCBANK,500180,1003.85,989.85
2025-11-26,MINOLTAF,532164,1.27,1.33
2025-11-26,TRIVENI,532356,356.55,355.35
2025-11-27,BRIGADE,532929,898.35,910.95
2025-11-27,GOLDIAM,526729,388.25,398.85
2025-11-27,GUJINJEC,524238,28.86,28.33
2025-11-27,HDFCBANK,500180,1009.25,1003.85
2025-11-27,TRIVENI,532356,363.4,356.55
2025-11-28,BRIGADE,532929,895.45,898.35
2025-11-28,GOLDIAM,526729,398.35,388.25
2025-11-28,GUJINJEC,524238,28.28,28.86
2025-11-28,HDFCBANK,500180,1007.0,1009.25
2025-11-28,MINOLTAF,532164,1.21,1.27
2025-11-28,TRIVENI,532356,356.2,363.4
2025-12-01,BRIGADE,532929,897.2,895.45
2025-12-01,GOLDIAM,526729,400.3,398.35
2025-12-01,GUJINJEC,524238,28.27,28.28
2025-12-01,HDFCBANK,500180,1002.55,1007.0
2025-12-01,TRIVENI,532356,350.3,356.2
2025-12-02,BRIGADE,532929,889.8,897.2
2025-12-02,GOLDIAM,526729,391.5,400.3
2025-12-02,GUJINJEC,524238,29.2,28.27
2025-12-02,HDFCBANK,500180,990.0,1002.55
2025-12-02,MINOLTAF,532164,1.16,1.21
2025-12-02,TRIVENI,532356,349.8,350.3
2025-12-03,BRIGADE,532929,885.8,889.8
2025-12-03,GOLDIAM,526729,379.55,391.5
2025-12-03,GUJINJEC,524238,29.9,29.2
2025-12-03,HDFCBANK,500180,1000.45,990.0
2025-12-03,MINOLTAF,532164,1.13,1.16
2025-12-03,TRIVENI,532356,356.3,349.8
2025-12-04,BRIGADE,532929,894.9,885.8
2025-12-04,GOLDIAM,526729,380.5,379.55
2025-12-04,GUJINJEC,524238,29.42,29.9
2025-12-04,HDFCBANK,500180,997.25,1000.45
2025-12-04,MINOLTAF,532164,1.13,1.13
2025-12-04,TRIVENI,532356,353.7,356.3
2025-12-05,BRIGADE,532929,882.0,894.9
2025-12-05,GOLDIAM,526729,374.2,380.5
2025-12-05,GUJINJEC,524238,30.04,29.42
2025-12-05,HDFCBANK,500180,1003.1,997.25
2025-12-05,TRIVENI,532356,350.1,353.7
2025-12-08,BRIGADE,532929,859.45,882.0
2025-12-08,GOLDIAM,526729,366.55,374.2
2025-12-08,GUJINJEC,524238,29.99,30.04
2025-12-08,HDFCBANK,500180,1003.1,1003.1
2025-12-08,MINOLTAF,532164,1.11,1.13
2025-12-08,TRIVENI,532356,337.45,350.1
2025-12-09,BRIGADE,532929,855.95,859.45
2025-12-09,GOLDIAM,526729,374.35,366.55
2025-12-09,GUJINJEC,524238,29.81,29.99
2025-12-09,HDFCBANK,500180,996.85,1003.1
2025-12-09,MINOLTAF,532164,1.11,1.11
2025-12-09,TRIVENI,532356,364.7,337.45
2025-12-10,BRIGADE,532929,878.05,855.95
2025-12-10,GOLDIAM,526729,370.75,374.35
2025-12-10,GUJINJEC,524238,30.94,29.81
2025-12-10,HDFCBANK,500180,990.35,996.85
2025-12-10,MINOLTAF,532164,1.16,1.11
2025-12-10,TRIVENI,532356,346.15,364.7
2025-12-11,BRIGADE,532929,869.95,878.05
2025-12-11,GOLDIAM,526729,371.7,370.75
2025-12-11,GUJINJEC,524238,29.9,30.94
2025-12-11,HDFCBANK,500180,1000.2,990.35
2025-12-11,MINOLTAF,532164,1.21,1.16
2025-12-11,TRIVENI,532356,350.85,346.15
2025-12-12,BRIGADE,532929,886.05,869.95
2025-12-12,GOLDIAM,526729,371.9,371.7
2025-12-12,GUJINJEC,524238,30.07,29.9
2025-12-12,HDFCBANK,500180,1000.2,1000.2
2025-12-12,MINOLTAF,532164,1.27,1.21
2025-12-12,TRIVENI,532356,357.95,350.85
2025-12-15,BRIGADE,532929,884.85,886.05
2025-12-15,GOLDIAM,526729,372.5,371.9
2025-12-15,GUJINJEC,524238,30.81,30.07
2025-12-15,HDFCBANK,500180,995.85,1000.2
2025-12-15,MINOLTAF,532164,1.33,1.27
2025-12-15,TRIVENI,532356,356.65,357.95
2025-12-16,BRIGADE,532929,858.2,884.85
2025-12-16,GOLDIAM,526729,372.5,372.5
2025-12-16,GUJINJEC,524238,31.5,30.81
2025-12-16,HDFCBANK,500180,994.15,995.85
2025-12-16,MINOLTAF,532164,1.39,1.33
2025-12-16,TRIVENI,532356,373.3,356.65
2025-12-17,BRIGADE,532929,859.1,858.2
2025-12-17,GOLDIAM,526729,367.2,372.5
2025-12-17,GUJINJEC,524238,31.99,31.5
2025-12-17,HDFCBANK,500180,984.3,994.15
2025-12-17,MINOLTAF,532164,1.42,1.39
2025-12-17,TRIVENI,532356,375.65,373.3
2025-12-18,BRIGADE,532929,874.85,859.1
2025-12-18,GOLDIAM,526729,362.7,367.2
2025-12-18,GUJINJEC,524238,32.87,31.99
2025-12-18,HDFCBANK,500180,979.65,984.3
2025-12-18,MINOLTAF,532164,1.41,1.42
2025-12-18,TRIVENI,532356,371.55,375.65
2025-12-19,BRIGADE,532929,866.4,874.85
2025-12-19,GOLDIAM,526729,370.2,362.7
2025-12-19,GUJINJEC,524238,32.98,32.87
2025-12-19,HDFCBANK,500180,985.95,979.65
2025-12-19,MINOLTAF,532164,1.39,1.41
2025-12-19,TRIVENI,532356,374.3,371.55
2025-12-22,BRIGADE,532929,873.65,866.4
2025-12-22,GOLDIAM,526729,370.9,370.2
2025-12-22,GUJINJEC,524238,33.45,32.98
2025-12-22,HDFCBANK,500180,987.45,985.95
2025-12-22,MINOLTAF,532164,1.39,1.39
2025-12-22,TRIVENI,532356,389.45,374.3
2025-12-23,BRIGADE,532929,878.8,873.65
2025-12-23,GOLDIAM,526729,367.1,370.9
2025-12-23,GUJINJEC,524238,34.02,33.45
2025-12-23,HDFCBANK,500180,996.4,987.45
2025-12-23,MINOLTAF,532164,1.42,1.39
2025-12-23,TRIVENI,532356,398.05,389.45
2025-12-24,BRIGADE,532929,877.65,878.8
2025-12-24,GOLDIAM,526729,362.8,367.1
2025-12-24,GUJINJEC,524238,33.26,34.02
2025-12-24,HDFCBANK,500180,997.1,996.4
2025-12-24,MINOLTAF,532164,1.49,1.42
2025-12-24,TRIVENI,532356,399.95,398.05
2025-12-26,BRIGADE,532929,880.7,877.65
2025-12-26,GOLDIAM,526729,360.55,362.8
2025-12-26,GUJINJEC,524238,34.55,33.26
2025-12-26,HDFCBANK,500180,992.4,997.1
2025-12-26,MINOLTAF,532164,1.48,1.49
2025-12-26,TRIVENI,532356,400.4,399.95
2025-12-29,BRIGADE,532929,877.7,880.7
2025-12-29,GOLDIAM,526729,352.05,360.55
2025-12-29,GUJINJEC,524238,34.67,34.55
2025-12-29,HDFCBANK,500180,991.55,992.4
2025-12-29,MINOLTAF,532164,1.41,1.48
2025-12-29,TRIVENI,532356,387.2,400.4
2025-12-30,BRIGADE,532929,870.35,877.7
2025-12-30,GOLDIAM,526729,362.75,352.05
2025-12-30,GUJINJEC,524238,35.55,34.67
2025-12-30,HDFCBANK,500180,990.7,991.55
2025-12-30,MINOLTAF,532164,1.41,1.41
2025-12-30,TRIVENI,532356,382.1,387.2
2025-12-31,BRIGADE,532929,884.4,870.35
2025-12-31,GOLDIAM,526729,362.7,362.75
2025-12-31,GUJINJEC,524238,35.75,35.55
2025-12-31,HDFCBANK,500180,991.75,990.7
2025-12-31,MINOLTAF,532164,1.37,1.41
2025-12-31,TRIVENI,532356,390.5,382.1
2026-01-01,BRIGADE,532929,896.4,884.4
2026-01-01,GOLDIAM,526729,362.75,362.7
2026-01-01,GUJINJEC,524238,35.97,35.75
2026-01-01,HDFCBANK,500180,990.75,991.75
2026-01-01,MINOLTAF,532164,1.4,1.37
2026-01-01,TRIVENI,532356,381.4,390.5
2026-01-02,BRIGADE,532929,890.9,896.4
2026-01-02,GOLDIAM,526729,364.7,362.75
2026-01-02,GUJINJEC,524238,36.57,35.97
2026-01-02,HDFCBANK,500180,1001.2,990.75
2026-01-02,MINOLTAF,532164,1.33,1.4
2026-01-02,TRIVENI,532356,381.25,381.4
2026-01-05,BRIGADE,532929,901.95,890.9
2026-01-05,GOLDIAM,526729,356.55,364.7
2026-01-05,GUJINJEC,524238,37.0,36.57
2026-01-05,HDFCBANK,500180,977.7,1001.2
2026-01-05,MINOLTAF,532164,1.39,1.33
2026-01-05,TRIVENI,532356,379.95,381.25
2026-01-06,BRIGADE,532929,891.25,901.95
2026-01-06,GOLDIAM,526729,377.0,356.55
2026-01-06,GUJINJEC,524238,38.21,37.0
2026-01-06,HDFCBANK,500180,962.4,977.7
2026-01-06,MINOLTAF,532164,1.42,1.39
2026-01-06,TRIVENI,532356,373.8,379.95
2026-01-07,BRIGADE,532929,887.15,891.25
2026-01-07,GOLDIAM,526729,373.3,377.0
2026-01-07,GUJINJEC,524238,39.67,38.21
2026-01-07,HDFCBANK,500180,949.15,962.4
2026-01-07,MINOLTAF,532164,1.4,1.42
2026-01-07,TRIVENI,532356,372.2,373.8
2026-01-08,BRIGADE,532929,867.85,887.15
2026-01-08,GOLDIAM,526729,354.15,373.3
2026-01-08,GUJINJEC,524238,39.59,39.67
2026-01-08,HDFCBANK,500180,946.6,949.15
2026-01-08,MINOLTAF,532164,1.36,1.4
2026-01-08,TRIVENI,532356,365.15,372.2
2026-01-09,BRIGADE,532929,858.55,867.85
2026-01-09,GOLDIAM,526729,342.15,354.15
2026-01-09,GUJINJEC,524238,39.51,39.59
2026-01-09,HDFCBANK,500180,938.7,946.6
2026-01-09,MINOLTAF,532164,1.42,1.36
2026-01-09,TRIVENI,532356,357.25,365.15
2026-01-12,BRIGADE,532929,871.95,858.55
2026-01-12,GOLDIAM,526729,344.05,342.15
2026-01-12,GUJINJEC,524238,39.96,39.51
2026-01-12,HDFCBANK,500180,936.65,938.7
2026-01-12,MINOLTAF,532164,1.38,1.42
2026-01-12,TRIVENI,532356,347.5,357.25
2026-01-13,BRIGADE,532929,856.55,871.95
2026-01-13,GOLDIAM,526729,345.05,344.05
2026-01-13,GUJINJEC,524238,39.51,39.96
2026-01-13,HDFCBANK,500180,937.25,936.65
2026-01-13,MINOLTAF,532164,1.38,1.38
2026-01-13,TRIVENI,532356,342.6,347.5
2026-01-14,BRIGADE,532929,842.55,856.55
2026-01-14,GOLDIAM,526729,332.3,345.05
2026-01-14,GUJINJEC,524238,39.89,39.51
2026-01-14,HDFCBANK,500180,926.0,937.25
2026-01-14,MINOLTAF,532164,1.42,1.38
2026-01-14,TRIVENI,532356,339.8,342.6
2026-01-16,BRIGADE,532929,837.7,842.55
2026-01-16,GOLDIAM,526729,333.35,332.3
2026-01-16,GUJINJEC,524238,39.9,39.89
2026-01-16,HDFCBANK,500180,931.15,926.0
2026-01-16,MINOLTAF,532164,1.36,1.42
2026-01-16,TRIVENI,532356,333.1,339.8
2026-01-19,BRIGADE,532929,807.1,837.7
2026-01-19,GOLDIAM,526729,327.7,333.35
2026-01-19,GUJINJEC,524238,39.39,39.9
2026-01-19,HDFCBANK,500180,927.6,931.15
2026-01-19,MINOLTAF,532164,1.42,1.36
2026-01-19,TRIVENI,532356,332.65,333.1
2026-01-20,BRIGADE,532929,790.2,807.1
2026-01-20,GOLDIAM,526729,309.8,327.7
2026-01-20,GUJINJEC,524238,40.08,39.39
2026-01-20,HDFCBANK,500180,931.15,927.6
2026-01-20,MINOLTAF,532164,1.45,1.42
2026-01-20,TRIVENI,532356,332.05,332.65
2026-01-21,BRIGADE,532929,771.05,790.2
2026-01-21,GOLDIAM,526729,292.9,309.8
2026-01-21,GUJINJEC,524238,40.69,40.08
2026-01-21,HDFCBANK,500180,920.15,931.15
2026-01-21,MINOLTAF,532164,1.45,1.45
2026-01-21,TRIVENI,532356,327.65,332.05
2026-01-22,BRIGADE,532929,780.5,771.05
2026-01-22,GOLDIAM,526729,309.8,292.9
2026-01-22,GUJINJEC,524238,41.65,40.69
2026-01-22,HDFCBANK,500180,919.4,920.15
2026-01-22,MINOLTAF,532164,1.49,1.45
2026-01-22,TRIVENI,532356,336.6,327.65
2026-01-23,BRIGADE,532929,760.85,780.5
2026-01-23,GOLDIAM,526729,297.4,309.8
2026-01-23,GUJINJEC,524238,41.66,41.65
2026-01-23,HDFCBANK,500180,916.25,919.4
2026-01-23,MINOLTAF,532164,1.55,1.49
2026-01-23,TRIVENI,532356,330.7,336.6
2026-01-27,BRIGADE,532929,737.7,760.85
2026-01-27,GOLDIAM,526729,293.95,297.4
2026-01-27,GUJINJEC,524238,43.74,41.66
2026-01-27,HDFCBANK,500180,926.85,916.25
2026-01-27,MINOLTAF,532164,1.5,1.55
2026-01-27,TRIVENI,532356,348.6,330.7
2026-01-28,BRIGADE,532929,735.85,737.7
2026-01-28,GOLDIAM,526729,321.7,293.95
2026-01-28,GUJINJEC,524238,45.35,43.74
2026-01-28,HDFCBANK,500180,932.65,926.85
2026-01-28,MINOLTAF,532164,1.46,1.5
2026-01-28,TRIVENI,532356,358.55,348.6
2026-01-29,BRIGADE,532929,733.3,735.85
2026-01-29,GOLDIAM,526729,314.55,321.7
2026-01-29,GUJINJEC,524238,47.6,45.35
2026-01-29,HDFCBANK,500180,935.65,932.65
2026-01-29,TRIVENI,532356,350.3,358.55
2026-01-30,BRIGADE,532929,752.05,733.3
2026-01-30,GOLDIAM,526729,311.3,314.55
2026-01-30,GUJINJEC,524238,48.69,47.6
2026-01-30,HDFCBANK,500180,929.35,935.65
2026-01-30,MINOLTAF,532164,1.53,1.46
2026-01-30,TRIVENI,532356,374.15,350.3
2026-02-02,BRIGADE,532929,740.5,739.05
2026-02-02,GOLDIAM,526729,300.75,305.1
2026-02-02,GUJINJEC,524238,49.98,49.0
2026-02-02,HDFCBANK,500180,927.3,920.2
2026-02-02,MINOLTAF,532164,1.53,1.53
2026-02-02,TRIVENI,532356,364.05,359.35
2026-02-03,BRIGADE,532929,780.5,740.5
2026-02-03,GOLDIAM,526729,360.9,300.75
2026-02-03,GUJINJEC,524238,50.9,49.98
2026-02-03,HDFCBANK,500180,948.4,927.3
2026-02-03,MINOLTAF,532164,1.46,1.53
2026-02-03,TRIVENI,532356,375.6,364.05
2026-02-04,BRIGADE,532929,794.45,780.5
2026-02-04,GOLDIAM,526729,361.45,360.9
2026-02-04,GUJINJEC,524238,51.91,50.9
2026-02-04,HDFCBANK,500180,953.45,948.4
2026-02-04,MINOLTAF,532164,1.4,1.46
2026-02-04,TRIVENI,532356,376.6,375.6
2026-02-05,BRIGADE,532929,771.1,794.45
2026-02-05,GOLDIAM,526729,354.95,361.45
2026-02-05,GUJINJEC,524238,52.94,51.91
2026-02-05,HDFCBANK,500180,949.5,953.45
2026-02-05,TRIVENI,532356,372.7,376.6
2026-02-06,BRIGADE,532929,761.6,771.1
2026-02-06,GOLDIAM,526729,364.95,354.95
2026-02-06,GUJINJEC,524238,53.93,52.94
2026-02-06,HDFCBANK,500180,941.15,949.5
2026-02-06,MINOLTAF,532164,1.4,1.4
2026-02-06,TRIVENI,532356,372.75,372.7
2026-02-09,BRIGADE,532929,807.85,761.6
2026-02-09,GOLDIAM,526729,406.9,364.95
2026-02-09,GUJINJEC,524238,54.0,53.93
2026-02-09,HDFCBANK,500180,937.25,941.15
2026-02-09,MINOLTAF,532164,1.33,1.4
2026-02-09,TRIVENI,532356,380.55,372.75
2026-02-10,BRIGADE,532929,801.55,807.85
2026-02-10,GOLDIAM,526729,411.3,406.9
2026-02-10,GUJINJEC,524238,54.5,54.0
2026-02-10,HDFCBANK,500180,932.1,937.25
2026-02-10,MINOLTAF,532164,1.33,1.33
2026-02-10,TRIVENI,532356,393.65,380.55
2026-02-11,BRIGADE,532929,802.1,801.55
2026-02-11,GOLDIAM,526729,391.8,411.3
2026-02-11,GUJINJEC,524238,55.58,54.5
2026-02-11,HDFCBANK,500180,927.05,932.1
2026-02-11,MINOLTAF,532164,1.39,1.33
2026-02-11,TRIVENI,532356,391.25,393.65
2026-02-12,BRIGADE,532929,795.95,802.1
2026-02-12,GOLDIAM,526729,383.7,391.8
2026-02-12,GUJINJEC,524238,56.5,55.58
2026-02-12,HDFCBANK,500180,920.45,927.05
2026-02-12,MINOLTAF,532164,1.33,1.39
2026-02-12,TRIVENI,532356,386.5,391.25
2026-02-13,BRIGADE,532929,763.6,795.95
2026-02-13,GOLDIAM,526729,393.1,383.7
2026-02-13,GUJINJEC,524238,57.6,56.5
2026-02-13,HDFCBANK,500180,905.65,920.45
2026-02-13,TRIVENI,532356,385.6,386.5
2026-02-16,BRIGADE,532929,747.55,763.6
2026-02-16,GOLDIAM,526729,393.8,393.1
2026-02-16,GUJINJEC,524238,58.75,57.6
2026-02-16,HDFCBANK,500180,925.45,905.65
2026-02-16,TRIVENI,532356,394.05,385.6
2026-02-17,BRIGADE,532929,742.75,747.55
2026-02-17,GOLDIAM,526729,387.8,393.8
2026-02-17,GUJINJEC,524238,59.92,58.75
2026-02-17,HDFCBANK,500180,925.6,925.45
2026-02-17,MINOLTAF,532164,1.33,1.33
2026-02-17,TRIVENI,532356,396.45,394.05
2026-02-18,BRIGADE,532929,740.55,742.75
2026-02-18,GOLDIAM,526729,385.0,387.8
2026-02-18,GUJINJEC,524238,60.03,59.92
2026-02-18,HDFCBANK,500180,924.65,925.6
2026-02-18,MINOLTAF,532164,1.27,1.33
2026-02-18,TRIVENI,532356,385.75,396.45
2026-02-19,BRIGADE,532929,739.6,740.55
2026-02-19,GOLDIAM,526729,378.05,385.0
2026-02-19,GUJINJEC,524238,61.0,60.03
2026-02-19,HDFCBANK,500180,916.05,924.65
2026-02-19,MINOLTAF,532164,1.33,1.27
2026-02-19,TRIVENI,532356,380.35,385.75
2026-02-20,BRIGADE,532929,740.35,739.6
2026-02-20,GOLDIAM,526729,381.55,378.05
2026-02-20,GUJINJEC,524238,62.0,61.0
2026-02-20,HDFCBANK,500180,911.9,916.05
2026-02-20,TRIVENI,532356,384.4,380.35
2026-02-23,BRIGADE,532929,749.25,740.35
2026-02-23,GOLDIAM,526729,361.25,381.55
2026-02-23,GUJINJEC,524238,63.24,62.0
2026-02-23,HDFCBANK,500180,923.85,911.9
2026-02-23,TRIVENI,532356,381.65,384.4
2026-02-24,BRIGADE,532929,729.75,749.25
2026-02-24,GOLDIAM,526729,354.5,361.25
2026-02-24,GUJINJEC,524238,63.5,63.24
2026-02-24,HDFCBANK,500180,910.7,923.85
2026-02-24,MINOLTAF,532164,1.27,1.33
2026-02-24,TRIVENI,532356,380.7,381.65
2026-02-25,BRIGADE,532929,714.45,729.75
2026-02-25,GOLDIAM,526729,347.7,354.5
2026-02-25,GUJINJEC,524238,64.5,63.5
2026-02-25,HDFCBANK,500180,907.75,910.7
2026-02-25,MINOLTAF,532164,1.21,1.27
2026-02-25,TRIVENI,532356,385.0,380.7
2026-02-26,BRIGADE,532929,715.9,714.45
2026-02-26,GOLDIAM,526729,353.85,347.7
2026-02-26,GUJINJEC,524238,64.0,64.5
2026-02-26,HDFCBANK,500180,898.85,907.75
2026-02-26,MINOLTAF,532164,1.15,1.21
2026-02-26,TRIVENI,532356,394.8,385.0
2026-02-27,BRIGADE,532929,692.1,715.9
2026-02-27,GOLDIAM,526729,351.3,353.85
2026-02-27,GUJINJEC,524238,64.2,64.0
2026-02-27,HDFCBANK,500180,887.4,898.85
2026-02-27,TRIVENI,532356,394.5,394.8
2026-03-02,BRIGADE,532929,679.15,692.1
2026-03-02,GOLDIAM,526729,346.5,351.3
2026-03-02,GUJINJEC,524238,63.75,64.2
2026-03-02,HDFCBANK,500180,881.75,887.4
2026-03-02,MINOLTAF,532164,1.1,1.15
2026-03-02,TRIVENI,532356,395.85,394.5
2026-03-04,BRIGADE,532929,655.95,679.15
2026-03-04,GOLDIAM,526729,328.55,346.5
2026-03-04,GUJINJEC,524238,63.75,63.75
2026-03-04,HDFCBANK,500180,868.4,881.75
2026-03-04,MINOLTAF,532164,1.08,1.1
2026-03-04,TRIVENI,532356,398.45,395.85
2026-03-05,BRIGADE,532929,670.45,655.95
2026-03-05,GOLDIAM,526729,328.8,328.55
2026-03-05,GUJINJEC,524238,65.02,63.75
2026-03-05,HDFCBANK,500180,878.05,868.4
2026-03-05,TRIVENI,532356,396.7,398.45
2026-03-06,BRIGADE,532929,665.95,670.45
2026-03-06,GOLDIAM,526729,322.8,328.8
2026-03-06,GUJINJEC,524238,66.3,65.02
2026-03-06,HDFCBANK,500180,857.1,878.05
2026-03-06,MINOLTAF,532164,1.07,1.08
2026-03-06,TRIVENI,532356,390.7,396.7
2026-03-09,BRIGADE,532929,662.1,665.95
2026-03-09,GOLDIAM,526729,313.7,322.8
2026-03-09,GUJINJEC,524238,67.5,66.3
2026-03-09,HDFCBANK,500180,839.2,857.1
2026-03-09,MINOLTAF,532164,1.09,1.07
2026-03-09,TRIVENI,532356,374.45,390.7
2026-03-10,BRIGADE,532929,671.7,662.1
2026-03-10,GOLDIAM,526729,319.15,313.7
2026-03-10,GUJINJEC,524238,68.5,67.5
2026-03-10,HDFCBANK,500180,849.1,839.2
2026-03-10,MINOLTAF,532164,1.13,1.09
2026-03-10,TRIVENI,532356,372.2,374.45
2026-03-11,BRIGADE,532929,672.45,671.7
2026-03-11,GOLDIAM,526729,313.9,319.15
2026-03-11,GUJINJEC,524238,69.0,68.5
2026-03-11,HDFCBANK,500180,834.0,849.1
2026-03-11,MINOLTAF,532164,1.18,1.13
2026-03-11,TRIVENI,532356,367.65,372.2
2026-03-12,BRIGADE,532929,664.85,672.45
2026-03-12,GOLDIAM,526729,310.8,313.9
2026-03-12,GUJINJEC,524238,69.7,69.0
2026-03-12,HDFCBANK,500180,832.5,834.0
2026-03-12,MINOLTAF,532164,1.23,1.18
2026-03-12,TRIVENI,532356,359.4,367.65
2026-03-13,BRIGADE,532929,653.3,664.85
2026-03-13,GOLDIAM,526729,296.55,310.8
2026-03-13,GUJINJEC,524238,70.2,69.7
2026-03-13,HDFCBANK,500180,817.0,832.5
2026-03-13,MINOLTAF,532164,1.29,1.23
2026-03-13,TRIVENI,532356,348.55,359.4
2026-03-16,BRIGADE,532929,653.4,653.3
2026-03-16,GOLDIAM,526729,292.4,296.55
2026-03-16,GUJINJEC,524238,71.6,70.2
2026-03-16,HDFCBANK,500180,840.5,817.0
2026-03-16,MINOLTAF,532164,1.35,1.29
2026-03-16,TRIVENI,532356,342.9,348.55
2026-03-17,BRIGADE,532929,649.6,653.4
2026-03-17,GOLDIAM,526729,297.3,292.4
2026-03-17,GUJINJEC,524238,73.03,71.6
2026-03-17,HDFCBANK,500180,845.85,840.5
2026-03-17,MINOLTAF,532164,1.41,1.35
2026-03-17,TRIVENI,532356,336.55,342.9
2026-03-18,BRIGADE,532929,686.15,649.6
2026-03-18,GOLDIAM,526729,306.15,297.3
2026-03-18,GUJINJEC,524238,71.57,73.03
2026-03-18,HDFCBANK,500180,842.95,845.85
2026-03-18,MINOLTAF,532164,1.44,1.41
2026-03-18,TRIVENI,532356,336.3,336.55
2026-03-19,BRIGADE,532929,658.8,686.15
2026-03-19,GOLDIAM,526729,291.5,306.15
2026-03-19,GUJINJEC,524238,70.29,71.57
2026-03-19,HDFCBANK,500180,799.7,842.95
2026-03-19,MINOLTAF,532164,1.49,1.44
2026-03-19,TRIVENI,532356,342.15,336.3
2026-03-20,BRIGADE,532929,643.6,658.8
2026-03-20,GOLDIAM,526729,296.35,291.5
2026-03-20,GUJINJEC,524238,70.3,70.29
2026-03-20,HDFCBANK,500180,780.45,799.7
2026-03-20,MINOLTAF,532164,1.52,1.49
2026-03-20,TRIVENI,532356,359.9,342.15
2026-03-23,BRIGADE,532929,635.2,643.6
2026-03-23,GOLDIAM,526729,283.4,296.35
2026-03-23,GUJINJEC,524238,71.7,70.3
2026-03-23,HDFCBANK,500180,743.75,780.45
2026-03-23,MINOLTAF,532164,1.51,1.52
2026-03-23,TRIVENI,532356,348.45,359.9
2026-03-24,BRIGADE,532929,646.4,635.2
2026-03-24,GOLDIAM,526729,286.6,283.4
2026-03-24,GUJINJEC,524238,73.0,71.7
2026-03-24,HDFCBANK,500180,765.15,743.75
2026-03-24,TRIVENI,532356,370.35,348.45
2026-03-25,BRIGADE,532929,670.7,646.4
2026-03-25,GOLDIAM,526729,290.7,286.6
2026-03-25,GUJINJEC,524238,74.0,73.0
2026-03-25,HDFCBANK,500180,781.7,765.15
2026-03-25,MINOLTAF,532164,1.51,1.51
2026-03-25,TRIVENI,532356,408.2,370.35
2026-03-27,BRIGADE,532929,688.95,670.7
2026-03-27,GOLDIAM,526729,283.85,290.7
2026-03-27,GUJINJEC,524238,74.5,74.0
2026-03-27,HDFCBANK,500180,756.25,781.7
2026-03-27,TRIVENI,532356,391.0,408.2
2026-03-30,BRIGADE,532929,650.85,688.95
2026-03-30,GOLDIAM,526729,268.25,283.85
2026-03-30,GUJINJEC,524238,78.21,74.5
2026-03-30,HDFCBANK,500180,731.8,756.25
2026-03-30,TRIVENI,532356,378.75,391.0
2026-04-01,BRIGADE,532929,672.15,650.85
2026-04-01,GOLDIAM,526729,291.2,268.25
2026-04-01,GUJINJEC,524238,82.1,78.21
2026-04-01,HDFCBANK,500180,742.15,731.8
2026-04-01,MINOLTAF,532164,1.52,1.51
2026-04-01,TRIVENI,532356,392.75,378.75
2026-04-02,BRIGADE,532929,688.25,672.15
2026-04-02,GOLDIAM,526729,291.75,291.2
2026-04-02,GUJINJEC,524238,80.18,82.1
2026-04-02,HDFCBANK,500180,751.1,742.15
2026-04-02,TRIVENI,532356,389.2,392.75
2026-04-06,BRIGADE,532929,690.05,688.25
2026-04-06,GOLDIAM,526729,301.0,291.75
2026-04-06,GUJINJEC,524238,84.18,80.18
2026-04-06,HDFCBANK,500180,771.2,751.1
2026-04-06,MINOLTAF,532164,1.46,1.52
2026-04-06,TRIVENI,532356,393.15,389.2
2026-04-07,BRIGADE,532929,690.8,690.05
2026-04-07,GOLDIAM,526729,304.15,301.0
2026-04-07,GUJINJEC,524238,88.03,84.18
2026-04-07,HDFCBANK,500180,772.05,771.2
2026-04-07,TRIVENI,532356,389.5,393.15
2026-04-08,BRIGADE,532929,717.65,690.8
2026-04-08,GOLDIAM,526729,337.45,304.15
2026-04-08,GUJINJEC,524238,90.01,88.03
2026-04-08,HDFCBANK,500180,816.1,772.05
2026-04-08,TRIVENI,532356,388.1,389.5
2026-04-09,BRIGADE,532929,701.7,717.65
2026-04-09,GOLDIAM,526729,333.25,337.45
2026-04-09,GUJINJEC,524238,90.53,90.01
2026-04-09,HDFCBANK,500180,797.25,816.1
2026-04-09,TRIVENI,532356,382.65,388.1
2026-04-10,BRIGADE,532929,722.75,701.7
2026-04-10,GOLDIAM,526729,344.95,333.25
2026-04-10,GUJINJEC,524238,88.72,90.53
2026-04-10,HDFCBANK,500180,810.4,797.25
2026-04-10,MINOLTAF,532164,1.39,1.46
2026-04-10,TRIVENI,532356,383.15,382.65
2026-04-13,BRIGADE,532929,745.85,722.75
2026-04-13,GOLDIAM,526729,337.9,344.95
2026-04-13,GUJINJEC,524238,89.0,88.72
2026-04-13,HDFCBANK,500180,794.05,810.4
2026-04-13,MINOLTAF,532164,1.39,1.39
2026-04-13,TRIVENI,532356,384.2,383.15
2026-04-15,BRIGADE,532929,739.05,745.85
2026-04-15,GOLDIAM,526729,386.0,337.9
2026-04-15,GUJINJEC,524238,90.0,89.0
2026-04-15,HDFCBANK,500180,809.7,794.05
2026-04-15,MINOLTAF,532164,1.44,1.39
2026-04-15,TRIVENI,532356,389.7,384.2
2026-04-16,BRIGADE,532929,738.7,739.05
2026-04-16,GOLDIAM,526729,385.75,386.0
2026-04-16,GUJINJEC,524238,90.0,90.0
2026-04-16,HDFCBANK,500180,795.5,809.7
2026-04-16,MINOLTAF,532164,1.5,1.44
2026-04-16,TRIVENI,532356,389.05,389.7
2026-04-17,BRIGADE,532929,760.8,738.7
2026-04-17,GOLDIAM,526729,406.05,385.75
2026-04-17,GUJINJEC,524238,89.95,90.0
2026-04-17,HDFCBANK,500180,799.9,795.5
2026-04-17,TRIVENI,532356,393.0,389.05
2026-04-20,BRIGADE,532929,776.1,760.8
2026-04-20,GOLDIAM,526729,406.75,406.05
2026-04-20,GUJINJEC,524238,91.0,89.95
2026-04-20,HDFCBANK,500180,795.4,799.9
2026-04-20,MINOLTAF,532164,1.51,1.5
2026-04-20,TRIVENI,532356,393.4,393.0
2026-04-21,BRIGADE,532929,790.35,776.1
2026-04-21,GOLDIAM,526729,412.25,406.75
2026-04-21,GUJINJEC,524238,92.0,91.0
2026-04-21,HDFCBANK,500180,811.65,795.4
2026-04-21,MINOLTAF,532164,1.58,1.51
2026-04-21,TRIVENI,532356,395.05,393.4
2026-04-22,BRIGADE,532929,792.7,790.35
2026-04-22,GOLDIAM,526729,402.95,412.25
2026-04-22,GUJINJEC,524238,93.1,92.0
2026-04-22,HDFCBANK,500180,799.9,811.65
2026-04-22,MINOLTAF,532164,1.65,1.58
2026-04-22,TRIVENI,532356,412.0,395.05
2026-04-23,BRIGADE,532929,785.05,792.7
2026-04-23,GOLDIAM,526729,396.05,402.95
2026-04-23,GUJINJEC,524238,94.0,93.1
2026-04-23,HDFCBANK,500180,784.5,799.9
2026-04-23,TRIVENI,532356,419.75,412.0
2026-04-24,BRIGADE,532929,776.25,785.05
2026-04-24,GOLDIAM,526729,381.75,396.05
2026-04-24,GUJINJEC,524238,95.5,94.0
2026-04-24,HDFCBANK,500180,784.9,784.5
2026-04-24,MINOLTAF,532164,1.65,1.65
2026-04-24,TRIVENI,532356,417.8,419.75
2026-04-27,BRIGADE,532929,786.15,776.25
2026-04-27,GOLDIAM,526729,386.85,381.75
2026-04-27,GUJINJEC,524238,97.3,95.5
2026-04-27,HDFCBANK,500180,789.9,784.9
2026-04-27,MINOLTAF,532164,1.72,1.65
2026-04-27,TRIVENI,532356,417.1,417.8
2026-04-28,BRIGADE,532929,802.65,786.15
2026-04-28,GOLDIAM,526729,382.8,386.85
2026-04-28,GUJINJEC,524238,99.2,97.3
2026-04-28,HDFCBANK,500180,782.3,789.9
2026-04-28,TRIVENI,532356,405.7,417.1
2026-04-29,BRIGADE,532929,796.75,802.65
2026-04-29,GOLDIAM,526729,387.1,382.8
2026-04-29,GUJINJEC,524238,101.18,99.2
2026-04-29,HDFCBANK,500180,778.8,782.3
2026-04-29,TRIVENI,532356,412.0,405.7
2026-04-30,BRIGADE,532929,789.85,796.75
2026-04-30,GOLDIAM,526729,377.1,387.1
2026-04-30,GUJINJEC,524238,103.2,101.18
2026-04-30,HDFCBANK,500180,771.2,778.8
2026-04-30,TRIVENI,532356,412.45,412.0
2026-05-04,BRIGADE,532929,792.0,789.85
2026-05-04,GOLDIAM,526729,396.9,377.1
2026-05-04,GUJINJEC,524238,105.25,103.2
2026-05-04,HDFCBANK,500180,777.9,771.2
2026-05-04,MINOLTAF,532164,1.64,1.72
2026-05-04,TRIVENI,532356,419.45,412.45
2026-05-05,BRIGADE,532929,791.85,792.0
2026-05-05,GOLDIAM,526729,404.65,396.9
2026-05-05,GUJINJEC,524238,107.35,105.25
2026-05-05,HDFCBANK,500180,772.55,777.9
2026-05-05,TRIVENI,532356,413.35,419.45
2026-05-06,BRIGADE,532929,812.0,791.85
2026-05-06,GOLDIAM,526729,407.3,404.65
2026-05-06,GUJINJEC,524238,109.25,107.35
2026-05-06,HDFCBANK,500180,796.6,772.55
2026-05-06,TRIVENI,532356,407.05,413.35
2026-05-07,BRIGADE,532929,774.5,812.0
2026-05-07,GOLDIAM,526729,417.6,407.3
2026-05-07,GUJINJEC,524238,111.4,109.25
2026-05-07,HDFCBANK,500180,795.85,796.6
2026-05-07,TRIVENI,532356,403.0,407.05
2026-05-08,BRIGADE,532929,758.2,774.5
2026-05-08,GOLDIAM,526729,435.8,417.6
2026-05-08,GUJINJEC,524238,113.5,111.4
2026-05-08,HDFCBANK,500180,781.2,795.85
2026-05-08,TRIVENI,532356,402.15,403.0
2026-05-11,BRIGADE,532929,750.2,758.2
2026-05-11,GOLDIAM,526729,416.7,435.8
2026-05-11,GUJINJEC,524238,111.25,113.5
2026-05-11,HDFCBANK,500180,764.55,781.2
2026-05-11,MINOLTAF,532164,1.57,1.64
2026-05-11,TRIVENI,532356,391.8,402.15
2026-05-12,BRIGADE,532929,718.9,750.2
2026-05-12,GOLDIAM,526729,383.95,416.7
2026-05-12,GUJINJEC,524238,109.05,111.25
2026-05-12,HDFCBANK,500180,751.05,764.55
2026-05-12,TRIVENI,532356,380.0,391.8
2026-05-13,BRIGADE,532929,695.35,718.9
2026-05-13,GOLDIAM,526729,389.25,383.95
2026-05-13,GUJINJEC,524238,106.9,109.05
2026-05-13,HDFCBANK,500180,749.6,751.05
2026-05-13,TRIVENI,532356,388.6,380.0
2026-05-14,BRIGADE,532929,700.35,695.35
2026-05-14,GOLDIAM,526729,383.55,389.25
2026-05-14,GUJINJEC,524238,104.8,106.9
2026-05-14,HDFCBANK,500180,769.6,749.6
2026-05-14,TRIVENI,532356,382.5,388.6
2026-05-15,BRIGADE,532929,688.5,700.35
2026-05-15,GOLDIAM,526729,378.5,383.55
2026-05-15,GUJINJEC,524238,103.0,104.8
2026-05-15,HDFCBANK,500180,767.8,769.6
2026-05-15,TRIVENI,532356,374.35,382.5
2026-05-18,BRIGADE,532929,663.55,688.5
2026-05-18,GOLDIAM,526729,370.15,378.5
2026-05-18,GUJINJEC,524238,105.0,103.0
2026-05-18,HDFCBANK,500180,768.55,767.8
2026-05-18,MINOLTAF,532164,1.5,1.57
2026-05-18,TRIVENI,532356,368.0,374.35
2026-05-19,BRIGADE,532929,662.4,663.55
2026-05-19,GOLDIAM,526729,380.2,370.15
2026-05-19,GUJINJEC,524238,102.9,105.0
2026-05-19,HDFCBANK,500180,762.75,768.55
2026-05-19,TRIVENI,532356,374.25,368.0
2026-05-20,BRIGADE,532929,679.75,662.4
2026-05-20,GOLDIAM,526729,380.25,380.2
2026-05-20,GUJINJEC,524238,103.1,102.9
2026-05-20,HDFCBANK,500180,759.5,762.75
2026-05-20,TRIVENI,532356,370.45,374.25
2026-05-21,BRIGADE,532929,669.0,679.75
2026-05-21,GOLDIAM,526729,383.3,380.25
2026-05-21,GUJINJEC,524238,103.5,103.1
2026-05-21,HDFCBANK,500180,759.05,759.5
2026-05-21,TRIVENI,532356,382.55,370.45
2026-05-22,BRIGADE,532929,672.25,669.0
2026-05-22,GOLDIAM,526729,390.95,383.3
2026-05-22,GUJINJEC,524238,102.1,103.5
2026-05-22,HDFCBANK,500180,766.4,759.05
2026-05-22,TRIVENI,532356,376.55,382.55
2026-05-25,BRIGADE,532929,669.8,672.25
2026-05-25,GOLDIAM,526729,407.25,390.95
2026-05-25,GUJINJEC,524238,107.2,102.1
2026-05-25,HDFCBANK,500180,786.85,766.4
2026-05-25,TRIVENI,532356,377.5,376.55
2026-05-26,BRIGADE,532929,672.4,669.8
2026-05-26,GOLDIAM,526729,408.95,407.25
2026-05-26,GUJINJEC,524238,112.55,107.2
2026-05-26,HDFCBANK,500180,779.0,786.85
2026-05-26,TRIVENI,532356,377.75,377.5
2026-05-27,BRIGADE,532929,659.85,672.4
2026-05-27,GOLDIAM,526729,411.85,408.95
2026-05-27,GUJINJEC,524238,110.75,112.55
2026-05-27,HDFCBANK,500180,758.5,779.0
2026-05-27,TRIVENI,532356,381.75,377.75
2026-05-29,BRIGADE,532929,651.85,659.85
2026-05-29,GOLDIAM,526729,411.2,411.85
2026-05-29,GUJINJEC,524238,112.25,110.75
2026-05-29,HDFCBANK,500180,744.75,758.5
2026-05-29,TRIVENI,532356,375.8,381.75
2026-06-01,BRIGADE,532929,660.05,651.85
2026-06-01,GOLDIAM,526729,408.9,411.2
2026-06-01,GUJINJEC,524238,110.0,112.25
2026-06-01,HDFCBANK,500180,742.65,744.75
2026-06-01,MINOLTAF,532164,1.57,1.5
2026-06-01,TRIVENI,532356,365.9,375.8
2026-06-02,BRIGADE,532929,650.8,660.05
2026-06-02,GOLDIAM,526729,424.25,408.9
2026-06-02,GUJINJEC,524238,109.1,110.0
2026-06-02,HDFCBANK,500180,748.7,742.65
2026-06-02,TRIVENI,532356,366.45,365.9
2026-06-03,BRIGADE,532929,653.6,650.8
2026-06-03,GOLDIAM,526729,436.4,424.25
2026-06-03,GUJINJEC,524238,114.55,109.1
2026-06-03,HDFCBANK,500180,753.65,748.7
2026-06-03,TRIVENI,532356,362.1,366.45
2026-06-04,BRIGADE,532929,650.8,653.6
2026-06-04,GOLDIAM,526729,430.85,436.4
2026-06-04,GUJINJEC,524238,114.5,114.55
2026-06-04,HDFCBANK,500180,754.55,753.65
2026-06-04,TRIVENI,532356,372.1,362.1
2026-06-05,BRIGADE,532929,651.1,650.8
2026-06-05,GOLDIAM,526729,421.9,430.85
2026-06-05,GUJINJEC,524238,114.2,114.5
2026-06-05,HDFCBANK,500180,747.35,754.55
2026-06-05,TRIVENI,532356,366.6,372.1
2026-06-08,BRIGADE,532929,643.2,651.1
2026-06-08,GOLDIAM,526729,410.05,421.9
2026-06-08,GUJINJEC,524238,119.9,114.2
2026-06-08,HDFCBANK,500180,738.55,747.35
2026-06-08,MINOLTAF,532164,1.64,1.57
2026-06-08,TRIVENI,532356,365.75,366.6
2026-06-09,BRIGADE,532929,649.7,643.2
2026-06-09,GOLDIAM,526729,434.9,410.05
2026-06-09,GUJINJEC,524238,115.15,119.9
2026-06-09,HDFCBANK,500180,738.4,738.55
2026-06-09,MINOLTAF,532164,1.56,1.64
2026-06-09,TRIVENI,532356,376.0,365.75
2026-06-10,BRIGADE,532929,647.4,649.7
2026-06-10,GOLDIAM,526729,432.8,434.9
2026-06-10,GUJINJEC,524238,116.1,115.15
2026-06-10,HDFCBANK,500180,747.0,738.4
2026-06-10,TRIVENI,532356,372.6,376.0
2026-06-11,BRIGADE,532929,648.45,647.4
2026-06-11,GOLDIAM,526729,423.3,432.8
2026-06-11,GUJINJEC,524238,114.7,116.1
2026-06-11,HDFCBANK,500180,744.6,747.0
2026-06-11,TRIVENI,532356,382.65,372.6
2026-06-12,BRIGADE,532929,678.5,648.45
2026-06-12,GOLDIAM,526729,479.3,423.3
2026-06-12,GUJINJEC,524238,119.0,114.7
2026-06-12,HDFCBANK,500180,772.4,744.6
2026-06-12,TRIVENI,532356,385.65,382.65
2026-06-15,BRIGADE,532929,684.4,678.5
2026-06-15,GOLDIAM,526729,469.75,479.3
2026-06-15,GUJINJEC,524238,117.0,119.0
2026-06-15,HDFCBANK,500180,777.25,772.4
2026-06-15,MINOLTAF,532164,1.53,1.56
2026-06-15,TRIVENI,532356,398.6,385.65
2026-06-16,BRIGADE,532929,719.95,684.4
2026-06-16,GOLDIAM,526729,485.25,469.75
2026-06-16,GUJINJEC,524238,116.1,117.0
2026-06-16,HDFCBANK,500180,784.7,777.25
2026-06-16,TRIVENI,532356,397.85,398.6
2026-06-17,BRIGADE,532929,565.95,719.95
2026-06-17,GOLDIAM,526729,500.85,485.25
2026-06-17,GUJINJEC,524238,121.9,116.1
2026-06-17,HDFCBANK,500180,786.8,784.7
2026-06-17,TRIVENI,532356,405.9,397.85
2026-06-18,BRIGADE,532929,555.05,565.95
2026-06-18,GOLDIAM,526729,480.7,500.85
2026-06-18,GUJINJEC,524238,121.0,121.9
2026-06-18,HDFCBANK,500180,798.55,786.8
2026-06-18,TRIVENI,532356,405.25,405.9
2026-06-19,BRIGADE,532929,545.25,555.05
2026-06-19,GOLDIAM,526729,473.85,480.7
2026-06-19,GUJINJEC,524238,120.65,121.0
2026-06-19,HDFCBANK,500180,780.0,798.55
2026-06-19,TRIVENI,532356,402.5,405.25
2026-06-22,BRIGADE,532929,535.2,545.25
2026-06-22,GOLDIAM,526729,470.05,473.85
2026-06-22,GUJINJEC,524238,120.2,120.65
2026-06-22,HDFCBANK,500180,786.15,780.0
2026-06-22,MINOLTAF,532164,1.46,1.53
2026-06-22,TRIVENI,532356,418.9,402.5
2026-06-23,BRIGADE,532929,524.1,535.2
2026-06-23,GOLDIAM,526729,469.5,470.05
2026-06-23,GUJINJEC,524238,122.35,120.2
2026-06-23,HDFCBANK,500180,774.5,786.15
2026-06-23,TRIVENI,532356,418.2,418.9
2026-06-24,BRIGADE,532929,544.15,524.1
2026-06-24,GOLDIAM,526729,464.35,469.5
2026-06-24,GUJINJEC,524238,117.1,122.35
2026-06-24,HDFCBANK,500180,793.15,774.5
2026-06-24,TRIVENI,532356,418.4,418.2
2026-06-25,BRIGADE,532929,525.3,544.15
2026-06-25,GOLDIAM,526729,463.2,464.35
2026-06-25,GUJINJEC,524238,122.95,117.1
2026-06-25,HDFCBANK,500180,796.05,793.15
2026-06-25,TRIVENI,532356,410.45,418.4
2026-06-29,BRIGADE,532929,503.5,525.3
2026-06-29,GOLDIAM,526729,453.1,463.2
2026-06-29,GUJINJEC,524238,124.4,122.95
2026-06-29,HDFCBANK,500180,799.0,796.05
2026-06-29,MINOLTAF,532164,1.52,1.46
2026-06-29,TRIVENI,532356,411.6,410.45
2026-06-30,BRIGADE,532929,500.75,503.5
2026-06-30,GOLDIAM,526729,443.2,453.1
2026-06-30,GUJINJEC,524238,126.5,124.4
2026-06-30,HDFCBANK,500180,798.4,799.0
2026-06-30,TRIVENI,532356,422.3,411.6
2026-07-01,BRIGADE,532929,503.0,500.75
2026-07-01,GOLDIAM,526729,446.75,443.2
2026-07-01,GUJINJEC,524238,130.8,126.5
2026-07-01,HDFCBANK,500180,796.15,798.4
2026-07-01,TRIVENI,532356,452.15,422.3
2026-07-02,BRIGADE,532929,501.25,503.0
2026-07-02,GOLDIAM,526729,450.5,446.75
2026-07-02,GUJINJEC,524238,124.7,130.8
2026-07-02,HDFCBANK,500180,796.25,796.15
2026-07-02,TRIVENI,532356,468.9,452.15
2026-07-03,BRIGADE,532929,514.25,501.25
2026-07-03,GOLDIAM,526729,480.65,450.5
2026-07-03,GUJINJEC,524238,130.9,124.7
2026-07-03,HDFCBANK,500180,801.0,796.25
2026-07-03,TRIVENI,532356,457.25,468.9
2026-07-06,BRIGADE,532929,537.4,514.25
2026-07-06,GOLDIAM,526729,465.25,480.65
2026-07-06,GUJINJEC,524238,130.85,130.9
2026-07-06,HDFCBANK,500180,829.75,801.0
2026-07-06,MINOLTAF,532164,1.5,1.52
2026-07-06,TRIVENI,532356,464.05,457.25
2026-07-07,BRIGADE,532929,516.55,537.4
2026-07-07,GOLDIAM,526729,450.65,465.25
2026-07-07,GUJINJEC,524238,132.7,130.85
2026-07-07,HDFCBANK,500180,829.25,829.75
2026-07-07,TRIVENI,532356,459.6,464.05
2026-07-08,BRIGADE,532929,498.65,516.55
2026-07-08,GOLDIAM,526729,424.65,450.65
2026-07-08,GUJINJEC,524238,13.65,132.7
2026-07-08,HDFCBANK,500180,810.45,829.25
2026-07-08,TRIVENI,532356,448.95,459.6
2026-07-09,BRIGADE,532929,533.05,498.65
2026-07-09,GOLDIAM,526729,421.0,424.65
2026-07-09,GUJINJEC,524238,13.4,13.65
2026-07-09,HDFCBANK,500180,817.7,810.45
2026-07-09,TRIVENI,532356,455.05,448.95
2026-07-10,BRIGADE,532929,574.65,533.05
2026-07-10,GOLDIAM,526729,378.7,421.0
2026-07-10,GUJINJEC,524238,13.65,13.4
2026-07-10,HDFCBANK,500180,824.25,817.7
2026-07-10,TRIVENI,532356,462.0,455.05
2026-07-13,BRIGADE,532929,569.5,574.65
2026-07-13,GOLDIAM,526729,374.8,378.7
2026-07-13,GUJINJEC,524238,13.45,13.65
2026-07-13,HDFCBANK,500180,818.6,824.25
2026-07-13,MINOLTAF,532164,1.45,1.5
2026-07-13,TRIVENI,532356,476.65,462.0
2026-07-14,BRIGADE,532929,556.05,569.5
2026-07-14,GOLDIAM,526729,360.0,374.8
2026-07-14,GUJINJEC,524238,13.45,13.45
2026-07-14,HDFCBANK,500180,809.1,818.6
2026-07-14,MINOLTAF,532164,1.43,1.45
2026-07-14,TRIVENI,532356,472.35,476.65
2026-07-15,BRIGADE,532929,560.2,556.05
2026-07-15,GOLDIAM,526729,357.7,360.0
2026-07-15,GUJINJEC,524238,13.45,13.45
2026-07-15,HDFCBANK,500180,815.35,809.1
2026-07-15,MINOLTAF,532164,1.38,1.43
2026-07-15,TRIVENI,532356,461.05,472.35
2026-07-16,BRIGADE,532929,554.7,560.2
2026-07-16,GOLDIAM,526729,352.8,357.7
2026-07-16,GUJINJEC,524238,13.2,13.45
2026-07-16,HDFCBANK,500180,808.3,815.35
2026-07-16,MINOLTAF,532164,1.39,1.38
2026-07-16,TRIVENI,532356,471.2,461.05
2026-07-17,BRIGADE,532929,566.75,554.7
2026-07-17,GOLDIAM,526729,346.2,352.8
2026-07-17,GUJINJEC,524238,12.7,13.2
2026-07-17,HDFCBANK,500180,819.65,808.3
2026-07-17,MINOLTAF,532164,1.21,1.39
2026-07-17,TRIVENI,532356,471.35,471.2
2026-07-20,BRIGADE,532929,563.75,566.75
2026-07-20,GOLDIAM,526729,344.4,346.2
2026-07-20,GUJINJEC,524238,12.7,12.7
2026-07-20,HDFCBANK,500180,777.65,819.65
2026-07-20,MINOLTAF,532164,1.21,1.21
2026-07-20,TRIVENI,532356,472.55,471.35
2026-07-21,BRIGADE,532929,567.85,563.75
2026-07-21,GOLDIAM,526729,341.0,344.4
2026-07-21,GUJINJEC,524238,12.1,12.7
2026-07-21,HDFCBANK,500180,761.45,777.65
2026-07-21,MINOLTAF,532164,1.19,1.21
2026-07-21,TRIVENI,532356,471.5,472.55
2026-07-22,BRIGADE,532929,545.8,567.85
2026-07-22,GOLDIAM,526729,342.1,341.0
2026-07-22,GUJINJEC,524238,11.5,12.1
2026-07-22,HDFCBANK,500180,753.15,761.45
2026-07-22,MINOLTAF,532164,1.16,1.19
2026-07-22,TRIVENI,532356,276.65,471.5
2026-07-23,BRIGADE,532929,526.7,545.8
2026-07-23,GOLDIAM,526729,347.8,342.1
2026-07-23,GUJINJEC,524238,10.95,11.5
2026-07-23,HDFCBANK,500180,748.0,753.15
2026-07-23,MINOLTAF,532164,1.16,1.16
2026-07-23,TRIVENI,532356,262.85,276.65
2026-07-24,BRIGADE,532929,525.4,526.7
2026-07-24,GOLDIAM,526729,349.7,347.8
2026-07-24,GUJINJEC,524238,11.4,10.95
2026-07-24,HDFCBANK,500180,742.6,748.0
2026-07-24,MINOLTAF,532164,1.12,1.16
2026-07-24,TRIVENI,532356,249.75,262.85
2026-07-27,BRIGADE,532929,544.05,525.4
2026-07-27,GOLDIAM,526729,356.2,349.7
2026-07-27,GUJINJEC,524238,11.8,11.4
2026-07-27,HDFCBANK,500180,739.55,742.6
2026-07-27,MINOLTAF,532164,1.08,1.12
2026-07-27,TRIVENI,532356,239.75,249.75
2026-07-28,BRIGADE,532929,559.8,544.05
2026-07-28,GOLDIAM,526729,357.3,356.2
2026-07-28,GUJINJEC,524238,11.25,11.8
2026-07-28,HDFCBANK,500180,735.45,739.55
2026-07-28,MINOLTAF,532164,1.13,1.08
2026-07-28,TRIVENI,532356,230.0,239.75
2026-07-29,BRIGADE,532929,564.75,559.8
2026-07-29,GOLDIAM,526729,352.65,357.3
2026-07-29,GUJINJEC,524238,10.7,11.25
2026-07-29,HDFCBANK,500180,748.25,735.45
2026-07-29,MINOLTAF,532164,1.18,1.13
2026-07-29,TRIVENI,532356,235.55,230.0
2026-07-30,BRIGADE,532929,565.25,564.75
2026-07-30,GOLDIAM,526729,361.6,352.65
2026-07-30,GUJINJEC,524238,10.2,10.7
2026-07-30,HDFCBANK,500180,756.15,748.25
2026-07-30,MINOLTAF,532164,1.19,1.18
2026-07-30,TRIVENI,532356,229.15,235.55
2026-07-31,BRIGADE,532929,579.9,565.25
2026-07-31,GOLDIAM,526729,375.55,361.6
2026-07-31,GUJINJEC,524238,10.05,10.2
2026-07-31,HDFCBANK,500180,747.9,756.15
2026-07-31,MINOLTAF,532164,1.15,1.19
2026-07-31,TRIVENI,532356,222.3,229.15
2026-08-03,BRIGADE,532929,581.25,579.9
2026-08-03,GOLDIAM,526729,363.0,375.55
2026-08-03,GUJINJEC,524238,9.55,10.05
2026-08-03,HDFCBANK,500180,751.05,747.9
2026-08-03,MINOLTAF,532164,1.17,1.15
2026-08-03,TRIVENI,532356,232.45,222.3
2026-08-04,BRIGADE,532929,580.15,581.25
2026-08-04,GOLDIAM,526729,361.45,363.0
2026-08-04,GUJINJEC,524238,9.08,9.55
2026-08-04,HDFCBANK,500180,739.95,751.05
2026-08-04,MINOLTAF,532164,1.2,1.17
2026-08-04,TRIVENI,532356,244.05,232.45
2026-08-05,BRIGADE,532929,570.75,580.15
2026-08-05,GOLDIAM,526729,361.95,361.45
2026-08-05,GUJINJEC,524238,9.53,9.08
2026-08-05,HDFCBANK,500180,737.0,739.95
2026-08-05,MINOLTAF,532164,1.26,1.2
2026-08-05,TRIVENI,532356,235.55,244.05
2026-08-06,BRIGADE,532929,573.5,570.75
2026-08-06,GOLDIAM,526729,375.95,361.95
2026-08-06,GUJINJEC,524238,10.0,9.53
2026-08-06,HDFCBANK,500180,737.0,737.0
2026-08-06,MINOLTAF,532164,1.25,1.26
2026-08-06,TRIVENI,532356,230.8,235.55
2026-08-07,BRIGADE,532929,582.75,573.5
2026-08-07,GOLDIAM,526729,372.55,375.95
2026-08-07,GUJINJEC,524238,10.48,10.0
2026-08-07,HDFCBANK,500180,732.0,737.0
2026-08-07,MINOLTAF,532164,1.3,1.25
2026-08-07,TRIVENI,532356,233.45,230.8
2026-08-10,BRIGADE,532929,607.55,582.75
2026-08-10,GOLDIAM,526729,368.15,372.55
2026-08-10,GUJINJEC,524238,10.92,10.48
2026-08-10,HDFCBANK,500180,732.0,732.0
2026-08-10,MINOLTAF,532164,1.29,1.3
2026-08-10,TRIVENI,532356,243.35,233.45
2026-08-11,BRIGADE,532929,605.0,607.55
2026-08-11,GOLDIAM,526729,384.0,368.15
2026-08-11,GUJINJEC,524238,11.02,10.92
2026-08-11,HDFCBANK,500180,729.0,732.0
2026-08-11,MINOLTAF,532164,1.26,1.29
2026-08-11,TRIVENI,532356,238.9,243.35
2026-08-12,BRIGADE,532929,592.85,605.0
2026-08-12,GOLDIAM,526729,372.75,384.0
2026-08-12,GUJINJEC,524238,11.57,11.02
2026-08-12,HDFCBANK,500180,729.0,729.0
2026-08-12,MINOLTAF,532164,1.31,1.26
2026-08-12,TRIVENI,532356,242.5,238.9
2026-08-13,BRIGADE,532929,589.7,592.85
2026-08-13,GOLDIAM,526729,363.35,372.75
2026-08-13,GUJINJEC,524238,12.14,11.57
2026-08-13,HDFCBANK,500180,727.0,729.0
2026-08-13,MINOLTAF,532164,1.26,1.31
2026-08-13,TRIVENI,532356,250.7,242.5
2026-08-14,BRIGADE,532929,592.1,589.7
2026-08-14,GOLDIAM,526729,364.65,363.35
2026-08-14,GUJINJEC,524238,12.66,12.14
2026-08-14,HDFCBANK,500180,727.35,727.0
2026-08-14,MINOLTAF,532164,1.23,1.26
2026-08-14,TRIVENI,532356,266.2,250.7
2026-08-17,BRIGADE,532929,593.25,592.1
2026-08-17,GOLDIAM,526729,374.2,364.65
2026-08-17,GUJINJEC,524238,13.29,12.66
2026-08-17,HDFCBANK,500180,730.0,727.35
2026-08-17,MINOLTAF,532164,1.25,1.23
2026-08-17,TRIVENI,532356,279.4,266.2
2026-08-18,BRIGADE,532929,590.45,593.25
2026-08-18,GOLDIAM,526729,362.15,374.2
2026-08-18,GUJINJEC,524238,12.63,13.29
2026-08-18,HDFCBANK,500180,723.2,730.0
2026-08-18,MINOLTAF,532164,1.27,1.25
2026-08-18,TRIVENI,532356,277.15,279.4
2026-08-19,BRIGADE,532929,586.05,590.45
2026-08-19,GOLDIAM,526729,362.8,362.15
2026-08-19,GUJINJEC,524238,12.0,12.63
2026-08-19,HDFCBANK,500180,720.15,723.2
2026-08-19,MINOLTAF,532164,1.29,1.27
2026-08-19,TRIVENI,532356,288.9,277.15
2026-08-20,BRIGADE,532929,626.6,586.05
2026-08-20,GOLDIAM,526729,362.95,362.8
2026-08-20,GUJINJEC,524238,11.4,12.0
2026-08-20,HDFCBANK,500180,726.5,720.15
2026-08-20,MINOLTAF,532164,1.31,1.29
2026-08-20,TRIVENI,532356,300.95,288.9
2026-08-21,BRIGADE,532929,639.3,626.6
2026-08-21,GOLDIAM,526729,360.2,362.95
2026-08-21,GUJINJEC,524238,10.83,11.4
2026-08-21,HDFCBANK,500180,727.5,726.5
2026-08-21,MINOLTAF,532164,1.25,1.31
2026-08-21,TRIVENI,532356,295.4,300.95
2026-08-24,BRIGADE,532929,654.7,639.3
2026-08-24,GOLDIAM,526729,360.9,360.2
2026-08-24,GUJINJEC,524238,11.37,10.83
2026-08-24,HDFCBANK,500180,728.5,727.5
2026-08-24,MINOLTAF,532164,1.29,1.25
2026-08-24,TRIVENI,532356,296.35,295.4
2026-08-25,BRIGADE,532929,661.85,654.7
2026-08-25,GOLDIAM,526729,360.0,360.9
2026-08-25,GUJINJEC,524238,11.93,11.37
2026-08-25,HDFCBANK,500180,726.6,728.5
2026-08-25,MINOLTAF,532164,1.3,1.29
2026-08-25,TRIVENI,532356,293.95,296.35
2026-08-26,BRIGADE,532929,656.25,661.85
2026-08-26,GOLDIAM,526729,357.45,360.0
2026-08-26,GUJINJEC,524238,12.52,11.93
2026-08-26,HDFCBANK,500180,727.1,726.6
2026-08-26,MINOLTAF,532164,1.25,1.3
2026-08-26,TRIVENI,532356,285.8,293.95
2026-08-27,BRIGADE,532929,657.35,656.25
2026-08-27,GOLDIAM,526729,353.0,357.45
2026-08-27,GUJINJEC,524238,12.17,12.52
2026-08-27,HDFCBANK,500180,712.0,727.1
2026-08-27,MINOLTAF,532164,1.28,1.25
2026-08-27,TRIVENI,532356,282.35,285.8
2026-08-28,BRIGADE,532929,643.1,657.35
2026-08-28,GOLDIAM,526729,347.9,353.0
2026-08-28,GUJINJEC,524238,11.57,12.17
2026-08-28,HDFCBANK,500180,720.0,712.0
2026-08-28,MINOLTAF,532164,1.34,1.28
2026-08-28,TRIVENI,532356,284.0,282.35
2026-08-31,BRIGADE,532929,655.9,643.1
2026-08-31,GOLDIAM,526729,349.05,347.9
2026-08-31,GUJINJEC,524238,11.0,11.57
2026-08-31,HDFCBANK,500180,709.0,720.0
2026-08-31,MINOLTAF,532164,1.4,1.34
2026-08-31,TRIVENI,532356,295.6,284.0
2026-09-01,BRIGADE,532929,645.6,655.9
2026-09-01,GOLDIAM,526729,342.3,349.05
2026-09-01,GUJINJEC,524238,10.94,11.0
2026-09-01,HDFCBANK,500180,712.05,709.0
2026-09-01,MINOLTAF,532164,1.47,1.4
2026-09-01,TRIVENI,532356,278.15,295.6
2026-09-02,BRIGADE,532929,639.9,645.6
2026-09-02,GOLDIAM,526729,343.4,342.3
2026-09-02,GUJINJEC,524238,10.4,10.94
2026-09-02,HDFCBANK,500180,700.95,712.05
2026-09-02,MINOLTAF,532164,1.52,1.47
2026-09-02,TRIVENI,532356,282.75,278.15
2026-09-03,BRIGADE,532929,712.95,639.9
2026-09-03,GOLDIAM,526729,340.2,343.4
2026-09-03,GUJINJEC,524238,10.58,10.4
2026-09-03,HDFCBANK,500180,704.0,700.95
2026-09-03,MINOLTAF,532164,1.45,1.52
2026-09-03,TRIVENI,532356,280.95,282.75
2026-09-04,BRIGADE,532929,696.0,712.95
2026-09-04,GOLDIAM,526729,345.15,340.2
2026-09-04,GUJINJEC,524238,11.1,10.58
2026-09-04,HDFCBANK,500180,713.15,704.0
2026-09-04,TRIVENI,532356,275.75,280.95
2026-09-07,BRIGADE,532929,680.5,696.0
2026-09-07,GOLDIAM,526729,342.25,345.15
2026-09-07,GUJINJEC,524238,11.0,11.1
2026-09-07,HDFCBANK,500180,710.8,713.15
2026-09-07,MINOLTAF,532164,1.38,1.45
2026-09-07,TRIVENI,532356,276.45,275.75
2026-09-08,BRIGADE,532929,686.3,680.5
2026-09-08,GOLDIAM,526729,338.65,342.25
2026-09-08,GUJINJEC,524238,10.62,11.0
2026-09-08,HDFCBANK,500180,702.9,710.8
2026-09-08,TRIVENI,532356,272.65,276.45
2026-09-09,BRIGADE,532929,662.0,686.3
2026-09-09,GOLDIAM,526729,329.75,338.65
2026-09-09,GUJINJEC,524238,10.26,10.62
2026-09-09,HDFCBANK,500180,687.25,702.9
2026-09-09,TRIVENI,532356,268.9,272.65
2026-09-10,BRIGADE,532929,651.35,662.0
2026-09-10,GOLDIAM,526729,328.15,329.75
2026-09-10,GUJINJEC,524238,10.25,10.26
2026-09-10,HDFCBANK,500180,694.0,687.25
2026-09-10,TRIVENI,532356,263.95,268.9
2026-09-11,BRIGADE,532929,638.9,651.35
2026-09-11,GOLDIAM,526729,324.65,328.15
2026-09-11,GUJINJEC,524238,10.08,10.25
2026-09-11,HDFCBANK,500180,708.0,694.0
2026-09-11,TRIVENI,532356,255.6,263.95
2026-09-15,BRIGADE,532929,612.85,638.9
2026-09-15,GOLDIAM,526729,324.25,324.65
2026-09-15,GUJINJEC,524238,10.22,10.08
2026-09-15,HDFCBANK,500180,717.0,708.0
2026-09-15,MINOLTAF,532164,1.38,1.38
2026-09-15,TRIVENI,532356,246.5,255.6
2026-09-16,BRIGADE,532929,625.85,612.85
2026-09-16,GOLDIAM,526729,321.9,324.25
2026-09-16,GUJINJEC,524238,9.79,10.22
2026-09-16,HDFCBANK,500180,722.4,717.0
2026-09-16,TRIVENI,532356,239.45,246.5
2026-09-17,BRIGADE,532929,621.95,625.85
2026-09-17,GOLDIAM,526729,325.75,321.9
2026-09-17,GUJINJEC,524238,9.44,9.79
2026-09-17,HDFCBANK,500180,713.0,722.4
2026-09-17,TRIVENI,532356,232.45,239.45
2026-09-18,BRIGADE,532929,621.35,621.95
2026-09-18,GOLDIAM,526729,326.9,325.75
2026-09-18,GUJINJEC,524238,9.9,9.44
2026-09-18,HDFCBANK,500180,729.1,713.0
2026-09-18,TRIVENI,532356,238.45,232.45
